asset_id,asset_name,asset_class,asset_type,issuer,current_weight_optimisable,portfolio_name,current_weight,optimized_weight,weight_change,optimized_value,quality_flag
BTA_7_4_02_2030,"BTA 7,4% 02/2030",Titres de l'État,government_bond,BTA_7_4_02_2030,0.0981089183612434,Current_Portfolio,0.0981089183612434,0.09810891836124348,8.326672684688674e-17,32460797.551930066,OK
BTA_7_5_12_2028,"BTA 7,5% 12/2028",Titres de l'État,government_bond,BTA_7_5_12_2028,0.06829597420544,Current_Portfolio,0.06829597420544,0.06829597420544005,5.551115123125783e-17,22596740.738000005,OK
EMPRUNT_NATIONAL_2021_2EME_TRANCHE,EMPRUNT NATIONAL 2021 2ème tranche,Titres de l'État,government_bond,EMPRUNT_NATIONAL_2021_2EME_TRANCHE,0.0874174259055424,Current_Portfolio,0.0874174259055424,0.08741742590554248,8.326672684688674e-17,28923357.959999997,OK
EMPRUNT_NATIONAL_2022_3EME_TRANCHE_10_ANS,EMPRUNT NATIONAL 2022 3ème tranche 10 ANS,Titres de l'État,government_bond,EMPRUNT_NATIONAL_2022_3EME_TRANCHE_10_ANS,0.0438495478974024,Current_Portfolio,0.0438495478974024,0.04384954789740244,4.163336342344337e-17,14508276.319999993,OK
EMPRUNT_NATIONAL_2023_4EME_TRANCHE_CATEGORIE_C,EMPRUNT NATIONAL 2023 4ème tranche  Catégorie C,Titres de l'État,government_bond,EMPRUNT_NATIONAL_2023_4EME_TRANCHE_CATEGORIE_C,0.0496837556199316,Current_Portfolio,0.0496837556199316,0.049683755619931644,4.163336342344337e-17,16438610.879999999,OK
TN0007310568,E.O HL 2020-03,Obligations corporate,corporate_bond,TN0007310568,0.0099706592583008,Current_Portfolio,0.0099706592583008,0.00997065925830081,8.673617379884035e-18,3298941.187499986,OK
TN0003100872,EO BNA SUB 2021-1,Obligations corporate,corporate_bond,TN0003100872,0.0190339210105056,Current_Portfolio,0.0190339210105056,0.019033921010505616,1.734723475976807e-17,6297656.38906,OK
TNHFN9X6ARP3,EO ADVANS 2022-1,Obligations corporate,corporate_bond,TNHFN9X6ARP3,0.0286634369917476,Current_Portfolio,0.0286634369917476,0.028663436991747625,2.42861286636753e-17,9483725.239999987,OK
TN8DSPQCBC06,EO ATL 2022-1,Obligations corporate,corporate_bond,TN8DSPQCBC06,0.0084347887863857,Current_Portfolio,0.0084347887863857,0.008434788786385707,6.938893903907228e-18,2790775.555999984,OK
TNL7VQZVHR54,EO HL 2023-1,Obligations corporate,corporate_bond,TNL7VQZVHR54,0.4167675090979856,Current_Portfolio,0.4167675090979856,0.416767509097986,3.885780586188048e-16,137893740.6000001,OK
TNYGOCQ2WZX6,EO BH LEASING 2023-1,Obligations corporate,corporate_bond,TNYGOCQ2WZX6,0.0097829647118884,Current_Portfolio,0.0097829647118884,0.00978296471188841,8.673617379884035e-18,3236839.6499999957,OK
TNDE9EH7SA12,EO AB SUB 2023-2,Obligations corporate,corporate_bond,TNDE9EH7SA12,0.0061743504717015,Current_Portfolio,0.0061743504717015,0.0061743504717015054,5.204170427930421e-18,2042875.8569999814,OK
EO_ATL_2025_2,EO ATL 2025-2,Obligations corporate,corporate_bond,EO_ATL_2025_2,0.0320347547318096,Current_Portfolio,0.0320347547318096,0.032034754731809625,2.7755575615628914e-17,10599175.950000007,OK
AMEN_BANK,AMEN BANK,Actions cotées,listed_equity,AMEN_BANK,0.0212848204226004,Current_Portfolio,0.0212848204226004,0.021284820422600416,1.734723475976807e-17,7042399.999999976,OK
ATTIJARI_BANK,ATTIJARI BANK,Actions cotées,listed_equity,ATTIJARI_BANK,0.0162689936442442,Current_Portfolio,0.0162689936442442,0.016268993644244212,1.3877787807814457e-17,5382838.969999984,OK
BIAT,BIAT,Actions cotées,listed_equity,BIAT,0.0067096872285262,Current_Portfolio,0.0067096872285262,0.006709687228526206,6.071532165918825e-18,2219999.999999994,OK
BT,BT,Actions cotées,listed_equity,BT,0.0001354026972243,Current_Portfolio,0.0001354026972243,0.00013540269722430012,1.0842021724855044e-19,44799.999999995736,OK
CITY_CARS,CITY CARS,Actions cotées,listed_equity,CITY_CARS,0.0010673900405549,Current_Portfolio,0.0010673900405549,0.001067390040554901,8.673617379884035e-19,353161.8999999738,OK
DELICE_HOLDING,DELICE HOLDING,Actions cotées,listed_equity,DELICE_HOLDING,0.004255307214908,Current_Portfolio,0.004255307214908,0.0042553072149080036,3.469446951953614e-18,1407931.7999999744,OK
ENNAKL,ENNAKL,Actions cotées,listed_equity,ENNAKL,0.0272014357982988,Current_Portfolio,0.0272014357982988,0.027201435798298826,2.42861286636753e-17,9000000.359999994,OK
PGH,PGH,Actions cotées,listed_equity,PGH,0.0448589559037577,Current_Portfolio,0.0448589559037577,0.04485895590375774,4.163336342344337e-17,14842253.999999985,OK
BTA_7_4_02_2030,"BTA 7,4% 02/2030",Titres de l'État,government_bond,BTA_7_4_02_2030,0.0981089183612434,Minimum_Variance,0.0981089183612434,0.0981111877075414,2.2693462980033496e-06,32461548.39896806,OK
BTA_7_5_12_2028,"BTA 7,5% 12/2028",Titres de l'État,government_bond,BTA_7_5_12_2028,0.06829597420544,Minimum_Variance,0.06829597420544,0.06829792534582707,1.9511403870769994e-06,22597386.30187082,OK
EMPRUNT_NATIONAL_2021_2EME_TRANCHE,EMPRUNT NATIONAL 2021 2ème tranche,Titres de l'État,government_bond,EMPRUNT_NATIONAL_2021_2EME_TRANCHE,0.0874174259055424,Minimum_Variance,0.0874174259055424,0.08742171243563651,4.286530094113616e-06,28924776.222354803,OK
EMPRUNT_NATIONAL_2022_3EME_TRANCHE_10_ANS,EMPRUNT NATIONAL 2022 3ème tranche 10 ANS,Titres de l'État,government_bond,EMPRUNT_NATIONAL_2022_3EME_TRANCHE_10_ANS,0.0438495478974024,Minimum_Variance,0.0438495478974024,0.04386140427805434,1.1856380651945053e-05,14512199.18020953,OK
EMPRUNT_NATIONAL_2023_4EME_TRANCHE_CATEGORIE_C,EMPRUNT NATIONAL 2023 4ème tranche  Catégorie C,Titres de l'État,government_bond,EMPRUNT_NATIONAL_2023_4EME_TRANCHE_CATEGORIE_C,0.0496837556199316,Minimum_Variance,0.0496837556199316,0.04982506312774231,0.0001413075078107104,16485364.574569544,OK
TN0007310568,E.O HL 2020-03,Obligations corporate,corporate_bond,TN0007310568,0.0099706592583008,Minimum_Variance,0.0099706592583008,0.05736902467597536,0.04739836541767456,18981396.664690673,OK
TN0003100872,EO BNA SUB 2021-1,Obligations corporate,corporate_bond,TN0003100872,0.0190339210105056,Minimum_Variance,0.0190339210105056,0.1097354423141644,0.0907015213036588,36307606.24753506,OK
TNHFN9X6ARP3,EO ADVANS 2022-1,Obligations corporate,corporate_bond,TNHFN9X6ARP3,0.0286634369917476,Minimum_Variance,0.0286634369917476,0.040393848112612964,0.011730411120865362,13364906.553132677,OK
TN8DSPQCBC06,EO ATL 2022-1,Obligations corporate,corporate_bond,TN8DSPQCBC06,0.0084347887863857,Minimum_Variance,0.0084347887863857,0.00843557982856497,7.910421792704792e-07,2791037.2840922414,OK
TNL7VQZVHR54,EO HL 2023-1,Obligations corporate,corporate_bond,TNL7VQZVHR54,0.4167675090979856,Minimum_Variance,0.4167675090979856,0.2999999915257558,-0.1167675175722298,99259467.46901703,OK
TNYGOCQ2WZX6,EO BH LEASING 2023-1,Obligations corporate,corporate_bond,TNYGOCQ2WZX6,0.0097829647118884,Minimum_Variance,0.0097829647118884,0.00978506270132461,2.097989436209563e-06,3237533.8010669136,OK
TNDE9EH7SA12,EO AB SUB 2023-2,Obligations corporate,corporate_bond,TNDE9EH7SA12,0.0061743504717015,Minimum_Variance,0.0061743504717015,0.006174673434706306,3.229630048057555e-07,2042982.7141225622,OK
EO_ATL_2025_2,EO ATL 2025-2,Obligations corporate,corporate_bond,EO_ATL_2025_2,0.0320347547318096,Minimum_Variance,0.0320347547318096,0.0320392732440644,4.518512254803042e-06,10600670.967109442,OK
AMEN_BANK,AMEN BANK,Actions cotées,listed_equity,AMEN_BANK,0.0212848204226004,Minimum_Variance,0.0212848204226004,0.02128481390039393,-6.522206469350422e-09,7042397.842030773,OK
ATTIJARI_BANK,ATTIJARI BANK,Actions cotées,listed_equity,ATTIJARI_BANK,0.0162689936442442,Minimum_Variance,0.0162689936442442,0.01626842213958029,-5.715046639091781e-07,5382649.879165986,OK
BIAT,BIAT,Actions cotées,listed_equity,BIAT,0.0067096872285262,Minimum_Variance,0.0067096872285262,0.006709700508543297,1.3280017096412022e-08,2220004.3938915324,OK
BT,BT,Actions cotées,listed_equity,BT,0.0001354026972243,Minimum_Variance,0.0001354026972243,0.00013540924916267638,6.551938376363848e-09,44802.16780643736,OK
CITY_CARS,CITY CARS,Actions cotées,listed_equity,CITY_CARS,0.0010673900405549,Minimum_Variance,0.0010673900405549,0.001067454954390189,6.491383528904777e-08,353183.37770965404,OK
DELICE_HOLDING,DELICE HOLDING,Actions cotées,listed_equity,DELICE_HOLDING,0.004255307214908,Minimum_Variance,0.004255307214908,0.004255303407244054,-3.807663946295281e-09,1407930.540177619,OK
ENNAKL,ENNAKL,Actions cotées,listed_equity,ENNAKL,0.0272014357982988,Minimum_Variance,0.0272014357982988,0.026276747244038275,-0.0009246885542605263,8694053.373122439,OK
PGH,PGH,Actions cotées,listed_equity,PGH,0.0448589559037577,Minimum_Variance,0.0448589559037577,0.012551959864676911,-0.032306996039080785,4153002.956846222,OK
BTA_7_4_02_2030,"BTA 7,4% 02/2030",Titres de l'État,government_bond,BTA_7_4_02_2030,0.0981089183612434,Mean_Variance_lambda_2,0.0981089183612434,0.09810889772059486,-2.0640648537573192e-08,32460790.722663905,OK
BTA_7_5_12_2028,"BTA 7,5% 12/2028",Titres de l'État,government_bond,BTA_7_5_12_2028,0.06829597420544,Mean_Variance_lambda_2,0.06829597420544,0.06829592276459251,-5.1440847484429675e-08,22596723.71802908,OK
EMPRUNT_NATIONAL_2021_2EME_TRANCHE,EMPRUNT NATIONAL 2021 2ème tranche,Titres de l'État,government_bond,EMPRUNT_NATIONAL_2021_2EME_TRANCHE,0.0874174259055424,Mean_Variance_lambda_2,0.0874174259055424,0.08741723354287227,-1.9236267012612274e-07,28923294.31394418,OK
EMPRUNT_NATIONAL_2022_3EME_TRANCHE_10_ANS,EMPRUNT NATIONAL 2022 3ème tranche 10 ANS,Titres de l'État,government_bond,EMPRUNT_NATIONAL_2022_3EME_TRANCHE_10_ANS,0.0438495478974024,Mean_Variance_lambda_2,0.0438495478974024,0.04384952094458468,-2.6952817720748978e-08,14508267.402258616,OK
EMPRUNT_NATIONAL_2023_4EME_TRANCHE_CATEGORIE_C,EMPRUNT NATIONAL 2023 4ème tranche  Catégorie C,Titres de l'État,government_bond,EMPRUNT_NATIONAL_2023_4EME_TRANCHE_CATEGORIE_C,0.0496837556199316,Mean_Variance_lambda_2,0.0496837556199316,0.049683741152396925,-1.4467534677209404e-08,16438606.093200559,OK
TN0007310568,E.O HL 2020-03,Obligations corporate,corporate_bond,TN0007310568,0.0099706592583008,Mean_Variance_lambda_2,0.0099706592583008,0.009970657554507998,-1.7037928030233518e-09,3298940.6237747464,OK
TN0003100872,EO BNA SUB 2021-1,Obligations corporate,corporate_bond,TN0003100872,0.0190339210105056,Mean_Variance_lambda_2,0.0190339210105056,0.019033918475133003,-2.5353725958965345e-09,6297655.550194192,OK
TNHFN9X6ARP3,EO ADVANS 2022-1,Obligations corporate,corporate_bond,TNHFN9X6ARP3,0.0286634369917476,Mean_Variance_lambda_2,0.0286634369917476,0.028663436022069184,-9.696784174229034e-10,9483724.919167425,OK
TN8DSPQCBC06,EO ATL 2022-1,Obligations corporate,corporate_bond,TN8DSPQCBC06,0.0084347887863857,Mean_Variance_lambda_2,0.0084347887863857,0.008434787497360048,-1.2890256518433008e-09,2790775.1295066373,OK
TNL7VQZVHR54,EO HL 2023-1,Obligations corporate,corporate_bond,TNL7VQZVHR54,0.4167675090979856,Mean_Variance_lambda_2,0.4167675090979856,0.2999999983698189,-0.11676751072816671,99259469.73347728,OK
TNYGOCQ2WZX6,EO BH LEASING 2023-1,Obligations corporate,corporate_bond,TNYGOCQ2WZX6,0.0097829647118884,Mean_Variance_lambda_2,0.0097829647118884,0.009782963510743948,-1.2011444529974602e-09,3236839.2525834525,OK
TNDE9EH7SA12,EO AB SUB 2023-2,Obligations corporate,corporate_bond,TNDE9EH7SA12,0.0061743504717015,Mean_Variance_lambda_2,0.0061743504717015,0.006174348965678824,-1.5060226763591311e-09,2042875.358709936,OK
EO_ATL_2025_2,EO ATL 2025-2,Obligations corporate,corporate_bond,EO_ATL_2025_2,0.0320347547318096,Mean_Variance_lambda_2,0.0320347547318096,0.03203475398917658,-7.426330175808182e-10,10599175.704288797,OK
AMEN_BANK,AMEN BANK,Actions cotées,listed_equity,AMEN_BANK,0.0212848204226004,Mean_Variance_lambda_2,0.0212848204226004,0.02128482342366717,3.0010667700919313e-09,7042400.99294763,OK
ATTIJARI_BANK,ATTIJARI BANK,Actions cotées,listed_equity,ATTIJARI_BANK,0.0162689936442442,Mean_Variance_lambda_2,0.0162689936442442,0.01626909136117768,9.771693348231691e-08,5382871.301103493,OK
BIAT,BIAT,Actions cotées,listed_equity,BIAT,0.0067096872285262,Mean_Variance_lambda_2,0.0067096872285262,0.006709690749864259,3.5213380588164367e-09,2220001.1650871597,OK
BT,BT,Actions cotées,listed_equity,BT,0.0001354026972243,Mean_Variance_lambda_2,0.0001354026972243,0.07893373980777171,0.07879833711054741,26116403.999913853,OK
CITY_CARS,CITY CARS,Actions cotées,listed_equity,CITY_CARS,0.0010673900405549,Mean_Variance_lambda_2,0.0010673900405549,0.024115838588536158,0.023048448547981257,7979084.544945271,OK
DELICE_HOLDING,DELICE HOLDING,Actions cotées,listed_equity,DELICE_HOLDING,0.004255307214908,Mean_Variance_lambda_2,0.004255307214908,0.05240840230643677,0.04815309509152877,17340100.83594389,OK
ENNAKL,ENNAKL,Actions cotées,listed_equity,ENNAKL,0.0272014357982988,Mean_Variance_lambda_2,0.0272014357982988,0.0,-0.0272014357982988,0.0,OK
PGH,PGH,Actions cotées,listed_equity,PGH,0.0448589559037577,Mean_Variance_lambda_2,0.0448589559037577,0.03882823325301651,-0.006030722650741192,12846899.547749871,OK
BTA_7_4_02_2030,"BTA 7,4% 02/2030",Titres de l'État,government_bond,BTA_7_4_02_2030,0.0981089183612434,Mean_Variance_lambda_5,0.0981089183612434,0.09810891809013701,-2.7110638733951475e-10,32460797.46223045,OK
BTA_7_5_12_2028,"BTA 7,5% 12/2028",Titres de l'État,government_bond,BTA_7_5_12_2028,0.06829597420544,Mean_Variance_lambda_5,0.06829597420544,0.06829597390596981,-2.9947018476139675e-10,22596740.638915814,OK
EMPRUNT_NATIONAL_2021_2EME_TRANCHE,EMPRUNT NATIONAL 2021 2ème tranche,Titres de l'État,government_bond,EMPRUNT_NATIONAL_2021_2EME_TRANCHE,0.0874174259055424,Mean_Variance_lambda_5,0.0874174259055424,0.08741742556678017,-3.3876222660378374e-10,28923357.847915437,OK
EMPRUNT_NATIONAL_2022_3EME_TRANCHE_10_ANS,EMPRUNT NATIONAL 2022 3ème tranche 10 ANS,Titres de l'État,government_bond,EMPRUNT_NATIONAL_2022_3EME_TRANCHE_10_ANS,0.0438495478974024,Mean_Variance_lambda_5,0.0438495478974024,0.04384954760089892,-2.9650348148946293e-10,14508276.221897384,OK
EMPRUNT_NATIONAL_2023_4EME_TRANCHE_CATEGORIE_C,EMPRUNT NATIONAL 2023 4ème tranche  Catégorie C,Titres de l'État,government_bond,EMPRUNT_NATIONAL_2023_4EME_TRANCHE_CATEGORIE_C,0.0496837556199316,Mean_Variance_lambda_5,0.0496837556199316,0.04968375538401371,-2.3591788939070213e-10,16438610.801943038,OK
TN0007310568,E.O HL 2020-03,Obligations corporate,corporate_bond,TN0007310568,0.0099706592583008,Mean_Variance_lambda_5,0.0099706592583008,0.009970659353312502,9.50117016312868e-11,3298941.2189360205,OK
TN0003100872,EO BNA SUB 2021-1,Obligations corporate,corporate_bond,TN0003100872,0.0190339210105056,Mean_Variance_lambda_5,0.0190339210105056,0.019033921056710475,4.62048767302381e-11,6297656.404347567,OK
TNHFN9X6ARP3,EO ADVANS 2022-1,Obligations corporate,corporate_bond,TNHFN9X6ARP3,0.0286634369917476,Mean_Variance_lambda_5,0.0286634369917476,0.028663437247307327,2.5555972615887157e-10,9483725.324555723,OK
TN8DSPQCBC06,EO ATL 2022-1,Obligations corporate,corporate_bond,TN8DSPQCBC06,0.0084347887863857,Mean_Variance_lambda_5,0.0084347887863857,0.008434788925593831,1.3920813113355024e-10,2790775.6020590663,OK
TNL7VQZVHR54,EO HL 2023-1,Obligations corporate,corporate_bond,TNL7VQZVHR54,0.4167675090979856,Mean_Variance_lambda_5,0.4167675090979856,0.30000000001921323,-0.11676750907877237,99259470.27920398,OK
TNYGOCQ2WZX6,EO BH LEASING 2023-1,Obligations corporate,corporate_bond,TNYGOCQ2WZX6,0.0097829647118884,Mean_Variance_lambda_5,0.0097829647118884,0.009782964870472356,1.5858395499557254e-10,3236839.7024698574,OK
TNDE9EH7SA12,EO AB SUB 2023-2,Obligations corporate,corporate_bond,TNDE9EH7SA12,0.0061743504717015,Mean_Variance_lambda_5,0.0061743504717015,0.006174350571051504,9.935000391814164e-11,2042875.889871409,OK
EO_ATL_2025_2,EO ATL 2025-2,Obligations corporate,corporate_bond,EO_ATL_2025_2,0.0320347547318096,Mean_Variance_lambda_5,0.0320347547318096,0.032034755034278745,3.0246914695108984e-10,10599176.050076423,OK
AMEN_BANK,AMEN BANK,Actions cotées,listed_equity,AMEN_BANK,0.0212848204226004,Mean_Variance_lambda_5,0.0212848204226004,0.02128482207279467,1.6501942728952557e-09,7042400.545991334,OK
ATTIJARI_BANK,ATTIJARI BANK,Actions cotées,listed_equity,ATTIJARI_BANK,0.0162689936442442,Mean_Variance_lambda_5,0.0162689936442442,0.016269027450550096,3.380630589702727e-08,5382850.15532003,OK
BIAT,BIAT,Actions cotées,listed_equity,BIAT,0.0067096872285262,Mean_Variance_lambda_5,0.0067096872285262,0.006709688825252429,1.5967262286670225e-09,2220000.5283006574,OK
BT,BT,Actions cotées,listed_equity,BT,0.0001354026972243,Mean_Variance_lambda_5,0.0001354026972243,0.07893374107802723,0.07879833838080293,26116404.420196816,OK
CITY_CARS,CITY CARS,Actions cotées,listed_equity,CITY_CARS,0.0010673900405549,Mean_Variance_lambda_5,0.0010673900405549,0.04359735011874897,0.04252996007819407,14424832.92695622,OK
DELICE_HOLDING,DELICE HOLDING,Actions cotées,listed_equity,DELICE_HOLDING,0.004255307214908,Mean_Variance_lambda_5,0.004255307214908,0.032926967281745274,0.028671660066837273,10894377.76692467,OK
ENNAKL,ENNAKL,Actions cotées,listed_equity,ENNAKL,0.0272014357982988,Mean_Variance_lambda_5,0.0272014357982988,8.29197920750339e-11,-0.02720143571537901,0.027435248788341603,OK
PGH,PGH,Actions cotées,listed_equity,PGH,0.0448589559037577,Mean_Variance_lambda_5,0.0448589559037577,0.0388279054642219,-0.0060310504395358,12846791.093942823,OK
BTA_7_4_02_2030,"BTA 7,4% 02/2030",Titres de l'État,government_bond,BTA_7_4_02_2030,0.0981089183612434,Mean_Variance_lambda_10,0.0981089183612434,0.09810892319239843,4.831155031581602e-09,32460799.15038967,OK
BTA_7_5_12_2028,"BTA 7,5% 12/2028",Titres de l'État,government_bond,BTA_7_5_12_2028,0.06829597420544,Mean_Variance_lambda_10,0.06829597420544,0.06829597843715456,4.231714562097366e-09,22596742.138125807,OK
EMPRUNT_NATIONAL_2021_2EME_TRANCHE,EMPRUNT NATIONAL 2021 2ème tranche,Titres de l'État,government_bond,EMPRUNT_NATIONAL_2021_2EME_TRANCHE,0.0874174259055424,Mean_Variance_lambda_10,0.0874174259055424,0.08741742990803494,4.002492545729375e-09,28923359.284284268,OK
EMPRUNT_NATIONAL_2022_3EME_TRANCHE_10_ANS,EMPRUNT NATIONAL 2022 3ème tranche 10 ANS,Titres de l'État,government_bond,EMPRUNT_NATIONAL_2022_3EME_TRANCHE_10_ANS,0.0438495478974024,Mean_Variance_lambda_10,0.0438495478974024,0.04384955249645197,4.59904957172963e-09,14508277.841664061,OK
EMPRUNT_NATIONAL_2023_4EME_TRANCHE_CATEGORIE_C,EMPRUNT NATIONAL 2023 4ème tranche  Catégorie C,Titres de l'État,government_bond,EMPRUNT_NATIONAL_2023_4EME_TRANCHE_CATEGORIE_C,0.0496837556199316,Mean_Variance_lambda_10,0.0496837556199316,0.049683760782531075,5.16259947291875e-09,16438612.588122949,OK
TN0007310568,E.O HL 2020-03,Obligations corporate,corporate_bond,TN0007310568,0.0099706592583008,Mean_Variance_lambda_10,0.0099706592583008,0.00997069292592211,3.366762130890821e-08,3298952.3269341714,OK
TN0003100872,EO BNA SUB 2021-1,Obligations corporate,corporate_bond,TN0003100872,0.0190339210105056,Mean_Variance_lambda_10,0.0190339210105056,0.019033938639443616,1.7628938017710816e-08,6297662.221856825,OK
TNHFN9X6ARP3,EO ADVANS 2022-1,Obligations corporate,corporate_bond,TNHFN9X6ARP3,0.0286634369917476,Mean_Variance_lambda_10,0.0286634369917476,0.028663703825437037,2.668336894356971e-07,9483813.525902195,OK
TN8DSPQCBC06,EO ATL 2022-1,Obligations corporate,corporate_bond,TN8DSPQCBC06,0.0084347887863857,Mean_Variance_lambda_10,0.0084347887863857,0.008434851124838626,6.23384529257337e-08,2790796.181606032,OK
TNL7VQZVHR54,EO HL 2023-1,Obligations corporate,corporate_bond,TNL7VQZVHR54,0.4167675090979856,Mean_Variance_lambda_10,0.4167675090979856,0.29999999953528544,-0.11676750956270016,99259470.11908926,OK
TNYGOCQ2WZX6,EO BH LEASING 2023-1,Obligations corporate,corporate_bond,TNYGOCQ2WZX6,0.0097829647118884,Mean_Variance_lambda_10,0.0097829647118884,0.009783045878976021,8.116708762051505e-08,3236866.5053403955,OK
TNDE9EH7SA12,EO AB SUB 2023-2,Obligations corporate,corporate_bond,TNDE9EH7SA12,0.0061743504717015,Mean_Variance_lambda_10,0.0061743504717015,0.006174387799667614,3.732796611394251e-08,2042888.2075137892,OK
EO_ATL_2025_2,EO ATL 2025-2,Obligations corporate,corporate_bond,EO_ATL_2025_2,0.0320347547318096,Mean_Variance_lambda_10,0.0320347547318096,0.032036186949692125,1.4322178825271203e-06,10599649.82062778,OK
AMEN_BANK,AMEN BANK,Actions cotées,listed_equity,AMEN_BANK,0.0212848204226004,Mean_Variance_lambda_10,0.0212848204226004,0.021285060470927344,2.4004832694518585e-07,7042479.423565878,OK
ATTIJARI_BANK,ATTIJARI BANK,Actions cotées,listed_equity,ATTIJARI_BANK,0.0162689936442442,Mean_Variance_lambda_10,0.0162689936442442,0.01626901041678717,1.677254297255404e-08,5382844.519445748,OK
BIAT,BIAT,Actions cotées,listed_equity,BIAT,0.0067096872285262,Mean_Variance_lambda_10,0.0067096872285262,0.023014290780162757,0.016304603551636557,7614621.03848074,OK
BT,BT,Actions cotées,listed_equity,BT,0.0001354026972243,Mean_Variance_lambda_10,0.0001354026972243,0.06933266829397487,0.06919726559675057,22939746.424876533,OK
CITY_CARS,CITY CARS,Actions cotées,listed_equity,CITY_CARS,0.0010673900405549,Mean_Variance_lambda_10,0.0010673900405549,0.04575085335698177,0.04468346331642687,15137351.562482381,OK
DELICE_HOLDING,DELICE HOLDING,Actions cotées,listed_equity,DELICE_HOLDING,0.004255307214908,Mean_Variance_lambda_10,0.004255307214908,0.0240677504812785,0.019812443266370498,7963173.87810254,OK
ENNAKL,ENNAKL,Actions cotées,listed_equity,ENNAKL,0.0272014357982988,Mean_Variance_lambda_10,0.0272014357982988,7.669548548501065e-09,-0.027201428128750253,2.5375844205203277,OK
PGH,PGH,Actions cotées,listed_equity,PGH,0.0448589559037577,Mean_Variance_lambda_10,0.0448589559037577,0.03882790703450538,-0.00603104886925232,12846791.613494512,OK
BTA_7_4_02_2030,"BTA 7,4% 02/2030",Titres de l'État,government_bond,BTA_7_4_02_2030,0.0981089183612434,Mean_Variance_lambda_20,0.0981089183612434,0.09810892159796417,3.236720766408574e-09,32460798.622847337,OK
BTA_7_5_12_2028,"BTA 7,5% 12/2028",Titres de l'État,government_bond,BTA_7_5_12_2028,0.06829597420544,Mean_Variance_lambda_20,0.06829597420544,0.06829597713668689,2.931246897985851e-09,22596741.7078467,OK
EMPRUNT_NATIONAL_2021_2EME_TRANCHE,EMPRUNT NATIONAL 2021 2ème tranche,Titres de l'État,government_bond,EMPRUNT_NATIONAL_2021_2EME_TRANCHE,0.0874174259055424,Mean_Variance_lambda_20,0.0874174259055424,0.0874174287214395,2.815897098829012e-09,28923358.891681485,OK
EMPRUNT_NATIONAL_2022_3EME_TRANCHE_10_ANS,EMPRUNT NATIONAL 2022 3ème tranche 10 ANS,Titres de l'État,government_bond,EMPRUNT_NATIONAL_2022_3EME_TRANCHE_10_ANS,0.0438495478974024,Mean_Variance_lambda_20,0.0438495478974024,0.04384955097669565,3.0792932509404736e-09,14508277.338830035,OK
EMPRUNT_NATIONAL_2023_4EME_TRANCHE_CATEGORIE_C,EMPRUNT NATIONAL 2023 4ème tranche  Catégorie C,Titres de l'État,government_bond,EMPRUNT_NATIONAL_2023_4EME_TRANCHE_CATEGORIE_C,0.0496837556199316,Mean_Variance_lambda_20,0.0496837556199316,0.0496837590707177,3.4507860943722157e-09,16438612.021743985,OK
TN0007310568,E.O HL 2020-03,Obligations corporate,corporate_bond,TN0007310568,0.0099706592583008,Mean_Variance_lambda_20,0.0099706592583008,0.009970675210214714,1.5951913913056504e-08,3298946.4654283994,OK
TN0003100872,EO BNA SUB 2021-1,Obligations corporate,corporate_bond,TN0003100872,0.0190339210105056,Mean_Variance_lambda_20,0.0190339210105056,0.01903393100181317,9.991307572954078e-09,6297659.694832984,OK
TNHFN9X6ARP3,EO ADVANS 2022-1,Obligations corporate,corporate_bond,TNHFN9X6ARP3,0.0286634369917476,Mean_Variance_lambda_20,0.0286634369917476,0.028663444329593092,7.337845490951178e-09,9483727.667835502,OK
TN8DSPQCBC06,EO ATL 2022-1,Obligations corporate,corporate_bond,TN8DSPQCBC06,0.0084347887863857,Mean_Variance_lambda_20,0.0084347887863857,0.00843480367501645,1.4888630750151122e-08,2790780.4821253195,OK
TNL7VQZVHR54,EO HL 2023-1,Obligations corporate,corporate_bond,TNL7VQZVHR54,0.4167675090979856,Mean_Variance_lambda_20,0.4167675090979856,0.2999999992278951,-0.11676750987009049,99259470.01738459,OK
TNYGOCQ2WZX6,EO BH LEASING 2023-1,Obligations corporate,corporate_bond,TNYGOCQ2WZX6,0.0097829647118884,Mean_Variance_lambda_20,0.0097829647118884,0.009782979213093712,1.4501205311198695e-08,3236844.4479398513,OK
TNDE9EH7SA12,EO AB SUB 2023-2,Obligations corporate,corporate_bond,TNDE9EH7SA12,0.0061743504717015,Mean_Variance_lambda_20,0.0061743504717015,0.006174363854166416,1.3382464915737136e-08,2042880.284787908,OK
EO_ATL_2025_2,EO ATL 2025-2,Obligations corporate,corporate_bond,EO_ATL_2025_2,0.0320347547318096,Mean_Variance_lambda_20,0.0320347547318096,0.12167107964681685,0.08963632491500725,40256689.71089472,OK
AMEN_BANK,AMEN BANK,Actions cotées,listed_equity,AMEN_BANK,0.0212848204226004,Mean_Variance_lambda_20,0.0212848204226004,0.021284831557419073,1.1134818674735092e-08,7042403.684120648,OK
ATTIJARI_BANK,ATTIJARI BANK,Actions cotées,listed_equity,ATTIJARI_BANK,0.0162689936442442,Mean_Variance_lambda_20,0.0162689936442442,0.016268998966051752,5.321807553665403e-09,5382840.730799308,OK
BIAT,BIAT,Actions cotées,listed_equity,BIAT,0.0067096872285262,Mean_Variance_lambda_20,0.0067096872285262,0.007222395416073141,0.0005127081875469404,2389637.1436681943,OK
BT,BT,Actions cotées,listed_equity,BT,0.0001354026972243,Mean_Variance_lambda_20,0.0001354026972243,0.031692022863068284,0.031556620165843985,10485778.004210379,OK
CITY_CARS,CITY CARS,Actions cotées,listed_equity,CITY_CARS,0.0010673900405549,Mean_Variance_lambda_20,0.0010673900405549,0.02257235993522098,0.02150496989466608,7468401.633260231,OK
DELICE_HOLDING,DELICE HOLDING,Actions cotées,listed_equity,DELICE_HOLDING,0.004255307214908,Mean_Variance_lambda_20,0.004255307214908,0.011044555653014449,0.006789248438106449,3654255.811723973,OK
ENNAKL,ENNAKL,Actions cotées,listed_equity,ENNAKL,0.0272014357982988,Mean_Variance_lambda_20,0.0272014357982988,0.008578407291515188,-0.018623028506783615,2838293.8784684194,OK
PGH,PGH,Actions cotées,listed_equity,PGH,0.0448589559037577,Mean_Variance_lambda_20,0.0448589559037577,0.030249514655523717,-0.014609441248233983,10008502.66906002,OK
BTA_7_4_02_2030,"BTA 7,4% 02/2030",Titres de l'État,government_bond,BTA_7_4_02_2030,0.0981089183612434,Max_Return,0.0981089183612434,0.0981089100800685,-8.281174898594479e-09,32460794.811979927,OK
BTA_7_5_12_2028,"BTA 7,5% 12/2028",Titres de l'État,government_bond,BTA_7_5_12_2028,0.06829597420544,Max_Return,0.06829597420544,0.06829597219709824,-2.008341756787324e-09,22596740.073510192,OK
EMPRUNT_NATIONAL_2021_2EME_TRANCHE,EMPRUNT NATIONAL 2021 2ème tranche,Titres de l'État,government_bond,EMPRUNT_NATIONAL_2021_2EME_TRANCHE,0.0874174259055424,Max_Return,0.0874174259055424,0.0813864018405517,-0.006031024064990703,26927903.78035407,OK
EMPRUNT_NATIONAL_2022_3EME_TRANCHE_10_ANS,EMPRUNT NATIONAL 2022 3ème tranche 10 ANS,Titres de l'État,government_bond,EMPRUNT_NATIONAL_2022_3EME_TRANCHE_10_ANS,0.0438495478974024,Max_Return,0.0438495478974024,0.04384953850972766,-9.387674734795404e-09,14508273.213947909,OK
EMPRUNT_NATIONAL_2023_4EME_TRANCHE_CATEGORIE_C,EMPRUNT NATIONAL 2023 4ème tranche  Catégorie C,Titres de l'État,government_bond,EMPRUNT_NATIONAL_2023_4EME_TRANCHE_CATEGORIE_C,0.0496837556199316,Max_Return,0.0496837556199316,0.049683749405772935,-6.214158666806302e-09,16438608.823952995,OK
TN0007310568,E.O HL 2020-03,Obligations corporate,corporate_bond,TN0007310568,0.0099706592583008,Max_Return,0.0099706592583008,0.009970658998411252,-2.5988954911737583e-10,3298941.1015116535,OK
TN0003100872,EO BNA SUB 2021-1,Obligations corporate,corporate_bond,TN0003100872,0.0190339210105056,Max_Return,0.0190339210105056,0.019033920601099708,-4.0940589113303005e-10,6297656.253601955,OK
TNHFN9X6ARP3,EO ADVANS 2022-1,Obligations corporate,corporate_bond,TNHFN9X6ARP3,0.0286634369917476,Max_Return,0.0286634369917476,0.028663436860734,-1.3101360274436757e-10,9483725.196652178,OK
TN8DSPQCBC06,EO ATL 2022-1,Obligations corporate,corporate_bond,TN8DSPQCBC06,0.0084347887863857,Max_Return,0.0084347887863857,0.008434788592747645,-1.9363805524308386e-10,2790775.491931946,OK
TNL7VQZVHR54,EO HL 2023-1,Obligations corporate,corporate_bond,TNL7VQZVHR54,0.4167675090979856,Max_Return,0.4167675090979856,0.29999999972297353,-0.11676750937501207,99259470.18118866,OK
TNYGOCQ2WZX6,EO BH LEASING 2023-1,Obligations corporate,corporate_bond,TNYGOCQ2WZX6,0.0097829647118884,Max_Return,0.0097829647118884,0.009782964535321815,-1.7656658600484487e-10,3236839.591580307,OK
TNDE9EH7SA12,EO AB SUB 2023-2,Obligations corporate,corporate_bond,TNDE9EH7SA12,0.0061743504717015,Max_Return,0.0061743504717015,0.00617435023099535,-2.40706150324288e-10,2042875.7773587632,OK
EO_ATL_2025_2,EO ATL 2025-2,Obligations corporate,corporate_bond,EO_ATL_2025_2,0.0320347547318096,Max_Return,0.0320347547318096,0.03203475463008445,-1.0172514913753261e-10,10599175.916342717,OK
AMEN_BANK,AMEN BANK,Actions cotées,listed_equity,AMEN_BANK,0.0212848204226004,Max_Return,0.0212848204226004,0.021284820668965723,2.463653239748176e-10,7042400.081513608,OK
ATTIJARI_BANK,ATTIJARI BANK,Actions cotées,listed_equity,ATTIJARI_BANK,0.0162689936442442,Max_Return,0.0162689936442442,0.016268994847226482,1.2029822832326786e-09,5382839.368024593,OK
BIAT,BIAT,Actions cotées,listed_equity,BIAT,0.0067096872285262,Max_Return,0.0067096872285262,0.006709687516084041,2.875578403865875e-10,2220000.0951427883,OK
BT,BT,Actions cotées,listed_equity,BT,0.0001354026972243,Max_Return,0.0001354026972243,0.0789337407810912,0.0787983380838669,26116404.321951106,OK
CITY_CARS,CITY CARS,Actions cotées,listed_equity,CITY_CARS,0.0010673900405549,Max_Return,0.0010673900405549,0.0010673905032235443,4.626686442819883e-10,353162.05308078864,OK
DELICE_HOLDING,DELICE HOLDING,Actions cotées,listed_equity,DELICE_HOLDING,0.004255307214908,Max_Return,0.004255307214908,0.07545696413745787,0.07120165692254987,24966060.962270938,OK
ENNAKL,ENNAKL,Actions cotées,listed_equity,ENNAKL,0.0272014357982988,Max_Return,0.0272014357982988,2.2564336700030075e-10,-0.027201435572655433,0.07465747026343819,OK
PGH,PGH,Actions cotées,listed_equity,PGH,0.0448589559037577,Max_Return,0.0448589559037577,0.04485895511472091,-7.89036787296471e-10,14842253.738935394,OK
BTA_7_4_02_2030,"BTA 7,4% 02/2030",Titres de l'État,government_bond,BTA_7_4_02_2030,0.0981089183612434,MeanVariance_TurnoverPenalty,0.0981089183612434,0.09810891837702879,1.578538688651321e-11,32460797.55715287,OK
BTA_7_5_12_2028,"BTA 7,5% 12/2028",Titres de l'État,government_bond,BTA_7_5_12_2028,0.06829597420544,MeanVariance_TurnoverPenalty,0.06829597420544,0.06829597422039141,1.4951415105990407e-11,22596740.742946886,OK
EMPRUNT_NATIONAL_2021_2EME_TRANCHE,EMPRUNT NATIONAL 2021 2ème tranche,Titres de l'État,government_bond,EMPRUNT_NATIONAL_2021_2EME_TRANCHE,0.0874174259055424,MeanVariance_TurnoverPenalty,0.0874174259055424,0.08741742591981108,1.4268683456997167e-11,28923357.964720976,OK
EMPRUNT_NATIONAL_2022_3EME_TRANCHE_10_ANS,EMPRUNT NATIONAL 2022 3ème tranche 10 ANS,Titres de l'État,government_bond,EMPRUNT_NATIONAL_2022_3EME_TRANCHE_10_ANS,0.0438495478974024,MeanVariance_TurnoverPenalty,0.0438495478974024,0.04384954791311202,1.5709621103976446e-11,14508276.325197741,OK
EMPRUNT_NATIONAL_2023_4EME_TRANCHE_CATEGORIE_C,EMPRUNT NATIONAL 2023 4ème tranche  Catégorie C,Titres de l'État,government_bond,EMPRUNT_NATIONAL_2023_4EME_TRANCHE_CATEGORIE_C,0.0496837556199316,MeanVariance_TurnoverPenalty,0.0496837556199316,0.04968375563649993,1.6568330041266677e-11,16438610.885481864,OK
TN0007310568,E.O HL 2020-03,Obligations corporate,corporate_bond,TN0007310568,0.0099706592583008,MeanVariance_TurnoverPenalty,0.0099706592583008,0.009970659287524317,2.922351596823525e-11,3298941.197169019,OK
TN0003100872,EO BNA SUB 2021-1,Obligations corporate,corporate_bond,TN0003100872,0.0190339210105056,MeanVariance_TurnoverPenalty,0.0190339210105056,0.019033921035912487,2.540688839869354e-11,6297656.397466242,OK
TNHFN9X6ARP3,EO ADVANS 2022-1,Obligations corporate,corporate_bond,TNHFN9X6ARP3,0.0286634369917476,MeanVariance_TurnoverPenalty,0.0286634369917476,0.02866343702187312,3.012552013403891e-11,9483725.249967458,OK
TN8DSPQCBC06,EO ATL 2022-1,Obligations corporate,corporate_bond,TN8DSPQCBC06,0.0084347887863857,MeanVariance_TurnoverPenalty,0.0084347887863857,0.008434788817365278,3.0979578277690045e-11,2790775.566250037,OK
TNL7VQZVHR54,EO HL 2023-1,Obligations corporate,corporate_bond,TNL7VQZVHR54,0.4167675090979856,MeanVariance_TurnoverPenalty,0.4167675090979856,0.30000000004719996,-0.11676750905078565,99259470.2884638,OK
TNYGOCQ2WZX6,EO BH LEASING 2023-1,Obligations corporate,corporate_bond,TNYGOCQ2WZX6,0.0097829647118884,MeanVariance_TurnoverPenalty,0.0097829647118884,0.009782964743009152,3.1120751808888514e-11,3236839.6602967572,OK
TNDE9EH7SA12,EO AB SUB 2023-2,Obligations corporate,corporate_bond,TNDE9EH7SA12,0.0061743504717015,MeanVariance_TurnoverPenalty,0.0061743504717015,0.006174350502101875,3.04003749257431e-11,2042875.8670583966,OK
EO_ATL_2025_2,EO ATL 2025-2,Obligations corporate,corporate_bond,EO_ATL_2025_2,0.0320347547318096,MeanVariance_TurnoverPenalty,0.0320347547318096,0.03203475476284064,3.10310457884988e-11,10599175.960267082,OK
AMEN_BANK,AMEN BANK,Actions cotées,listed_equity,AMEN_BANK,0.0212848204226004,MeanVariance_TurnoverPenalty,0.0212848204226004,0.021284820465493726,4.2893327778514845e-11,7042400.014191866,OK
ATTIJARI_BANK,ATTIJARI BANK,Actions cotées,listed_equity,ATTIJARI_BANK,0.0162689936442442,MeanVariance_TurnoverPenalty,0.0162689936442442,0.016268993774870042,1.3062584347522943e-10,5382839.013219486,OK
BIAT,BIAT,Actions cotées,listed_equity,BIAT,0.0067096872285262,MeanVariance_TurnoverPenalty,0.0067096872285262,0.0067096872550995714,2.6573371107729837e-11,2220000.0087921876,OK
BT,BT,Actions cotées,listed_equity,BT,0.0001354026972243,MeanVariance_TurnoverPenalty,0.0001354026972243,0.07893374053112966,0.07879833783390536,26116404.23924761,OK
CITY_CARS,CITY CARS,Actions cotées,listed_equity,CITY_CARS,0.0010673900405549,MeanVariance_TurnoverPenalty,0.0010673900405549,0.021363183688198017,0.020295793647643116,7068327.654106869,OK
DELICE_HOLDING,DELICE HOLDING,Actions cotées,listed_equity,DELICE_HOLDING,0.004255307214908,MeanVariance_TurnoverPenalty,0.004255307214908,0.021928684344695158,0.017673377129787157,7255431.972783048,OK
ENNAKL,ENNAKL,Actions cotées,listed_equity,ENNAKL,0.0272014357982988,MeanVariance_TurnoverPenalty,0.0272014357982988,0.027201435750670282,-4.762851918416189e-11,9000000.34424138,OK
PGH,PGH,Actions cotées,listed_equity,PGH,0.0448589559037577,MeanVariance_TurnoverPenalty,0.0448589559037577,0.04485895590517355,1.4158535455166543e-12,14842254.00046843,OK
BTA_7_4_02_2030,"BTA 7,4% 02/2030",Titres de l'État,government_bond,BTA_7_4_02_2030,0.0981089183612434,Mean_CVaR_95,0.0981089183612434,0.09810892002950994,1.6682665388012552e-09,32460798.103900883,OK
BTA_7_5_12_2028,"BTA 7,5% 12/2028",Titres de l'État,government_bond,BTA_7_5_12_2028,0.06829597420544,Mean_CVaR_95,0.06829597420544,0.06829597573256771,1.527127715950094e-09,22596741.24327295,OK
EMPRUNT_NATIONAL_2021_2EME_TRANCHE,EMPRUNT NATIONAL 2021 2ème tranche,Titres de l'État,government_bond,EMPRUNT_NATIONAL_2021_2EME_TRANCHE,0.0874174259055424,Mean_CVaR_95,0.0874174259055424,0.08741742735953315,1.453990747246614e-09,28923358.441074472,OK
EMPRUNT_NATIONAL_2022_3EME_TRANCHE_10_ANS,EMPRUNT NATIONAL 2022 3ème tranche 10 ANS,Titres de l'État,government_bond,EMPRUNT_NATIONAL_2022_3EME_TRANCHE_10_ANS,0.0438495478974024,Mean_CVaR_95,0.0438495478974024,0.04384954951769748,1.6202950786636805e-09,14508276.85609875,OK
EMPRUNT_NATIONAL_2023_4EME_TRANCHE_CATEGORIE_C,EMPRUNT NATIONAL 2023 4ème tranche  Catégorie C,Titres de l'État,government_bond,EMPRUNT_NATIONAL_2023_4EME_TRANCHE_CATEGORIE_C,0.0496837556199316,Mean_CVaR_95,0.0496837556199316,0.049683757398890575,1.778958973186473e-09,16438611.46859507,OK
TN0007310568,E.O HL 2020-03,Obligations corporate,corporate_bond,TN0007310568,0.0099706592583008,Mean_CVaR_95,0.0099706592583008,0.00997066823629241,8.97799160883006e-09,3298944.1580022876,OK
TN0003100872,EO BNA SUB 2021-1,Obligations corporate,corporate_bond,TN0003100872,0.0190339210105056,Mean_CVaR_95,0.0190339210105056,0.019033926921616928,5.911111329581775e-09,6297658.344839259,OK
TNHFN9X6ARP3,EO ADVANS 2022-1,Obligations corporate,corporate_bond,TNHFN9X6ARP3,0.0286634369917476,Mean_CVaR_95,0.0286634369917476,0.02866365776872361,2.207769760100009e-07,9483798.287352271,OK
TN8DSPQCBC06,EO ATL 2022-1,Obligations corporate,corporate_bond,TN8DSPQCBC06,0.0084347887863857,Mean_CVaR_95,0.0084347887863857,0.008434803656153119,1.4869767419115054e-08,2790780.4758841055,OK
TNL7VQZVHR54,EO HL 2023-1,Obligations corporate,corporate_bond,TNL7VQZVHR54,0.4167675090979856,Mean_CVaR_95,0.4167675090979856,0.2999999997785018,-0.11676750931948382,99259470.19956101,OK
TNYGOCQ2WZX6,EO BH LEASING 2023-1,Obligations corporate,corporate_bond,TNYGOCQ2WZX6,0.0097829647118884,Mean_CVaR_95,0.0097829647118884,0.009782982743794974,1.8031906573803824e-08,3236845.6161249746,OK
TNDE9EH7SA12,EO AB SUB 2023-2,Obligations corporate,corporate_bond,TNDE9EH7SA12,0.0061743504717015,Mean_CVaR_95,0.0061743504717015,0.0932838463707573,0.0871094958990558,30864350.5859167,OK
EO_ATL_2025_2,EO ATL 2025-2,Obligations corporate,corporate_bond,EO_ATL_2025_2,0.0320347547318096,Mean_CVaR_95,0.0320347547318096,0.07082221367964917,0.03878745894783957,23432584.711307846,OK
AMEN_BANK,AMEN BANK,Actions cotées,listed_equity,AMEN_BANK,0.0212848204226004,Mean_CVaR_95,0.0212848204226004,0.02128481868668142,-1.7359189780075113e-09,7042399.4256453095,OK
ATTIJARI_BANK,ATTIJARI BANK,Actions cotées,listed_equity,ATTIJARI_BANK,0.0162689936442442,Mean_CVaR_95,0.0162689936442442,0.016268993275590237,-3.686539615244122e-10,5382838.848025323,OK
BIAT,BIAT,Actions cotées,listed_equity,BIAT,0.0067096872285262,Mean_CVaR_95,0.0067096872285262,0.00670968707390706,-1.54619140407819e-10,2219999.9488419453,OK
BT,BT,Actions cotées,listed_equity,BT,0.0001354026972243,Mean_CVaR_95,0.0001354026972243,0.007950794741480796,0.007815392044256495,2630638.9142917376,OK
CITY_CARS,CITY CARS,Actions cotées,listed_equity,CITY_CARS,0.0010673900405549,Mean_CVaR_95,0.0010673900405549,0.017354760068943834,0.016287370028388932,5742080.970519075,OK
DELICE_HOLDING,DELICE HOLDING,Actions cotées,listed_equity,DELICE_HOLDING,0.004255307214908,Mean_CVaR_95,0.004255307214908,0.004255307512301961,2.9739396101985394e-10,1407931.8983971968,OK
ENNAKL,ENNAKL,Actions cotées,listed_equity,ENNAKL,0.0272014357982988,Mean_CVaR_95,0.0272014357982988,0.0020269646619568535,-0.02517447113634195,670651.4620253922,OK
PGH,PGH,Actions cotées,listed_equity,PGH,0.0448589559037577,Mean_CVaR_95,0.0448589559037577,0.036800944785449693,-0.008058011118308006,12176140.949813426,OK
BTA_7_4_02_2030,"BTA 7,4% 02/2030",Titres de l'État,government_bond,BTA_7_4_02_2030,0.0981089183612434,Max_Sharpe,0.0981089183612434,0.09810893283983058,1.4478587176403046e-08,32460802.34238635,OK
BTA_7_5_12_2028,"BTA 7,5% 12/2028",Titres de l'État,government_bond,BTA_7_5_12_2028,0.06829597420544,Max_Sharpe,0.06829597420544,0.06829642077439722,4.4656895722972045e-07,22596888.49199377,OK
EMPRUNT_NATIONAL_2021_2EME_TRANCHE,EMPRUNT NATIONAL 2021 2ème tranche,Titres de l'État,government_bond,EMPRUNT_NATIONAL_2021_2EME_TRANCHE,0.0874174259055424,Max_Sharpe,0.0874174259055424,0.08741742503225024,-8.732921608078925e-10,28923357.671058245,OK
EMPRUNT_NATIONAL_2022_3EME_TRANCHE_10_ANS,EMPRUNT NATIONAL 2022 3ème tranche 10 ANS,Titres de l'État,government_bond,EMPRUNT_NATIONAL_2022_3EME_TRANCHE_10_ANS,0.0438495478974024,Max_Sharpe,0.0438495478974024,0.043849659669658876,1.1177225647807099e-07,14508313.301516544,OK
EMPRUNT_NATIONAL_2023_4EME_TRANCHE_CATEGORIE_C,EMPRUNT NATIONAL 2023 4ème tranche  Catégorie C,Titres de l'État,government_bond,EMPRUNT_NATIONAL_2023_4EME_TRANCHE_CATEGORIE_C,0.0496837556199316,Max_Sharpe,0.0496837556199316,0.049683756274724336,6.547927339228821e-10,16438611.096647918,OK
TN0007310568,E.O HL 2020-03,Obligations corporate,corporate_bond,TN0007310568,0.0099706592583008,Max_Sharpe,0.0099706592583008,0.009983412186664535,1.27529283637344e-05,3303160.6838793564,OK
TN0003100872,EO BNA SUB 2021-1,Obligations corporate,corporate_bond,TN0003100872,0.0190339210105056,Max_Sharpe,0.0190339210105056,0.019033937906005303,1.6895499704155936e-08,6297661.97918783,OK
TNHFN9X6ARP3,EO ADVANS 2022-1,Obligations corporate,corporate_bond,TNHFN9X6ARP3,0.0286634369917476,Max_Sharpe,0.0286634369917476,0.17862078769752823,0.14995735070578065,59099349.221917726,OK
TN8DSPQCBC06,EO ATL 2022-1,Obligations corporate,corporate_bond,TN8DSPQCBC06,0.0084347887863857,Max_Sharpe,0.0084347887863857,0.00844921134780161,1.4422561415910334e-05,2795547.4753537183,OK
TNL7VQZVHR54,EO HL 2023-1,Obligations corporate,corporate_bond,TNL7VQZVHR54,0.4167675090979856,Max_Sharpe,0.4167675090979856,0.3000000000108762,-0.11676750908710942,99259470.27644554,OK
TNYGOCQ2WZX6,EO BH LEASING 2023-1,Obligations corporate,corporate_bond,TNYGOCQ2WZX6,0.0097829647118884,Max_Sharpe,0.0097829647118884,0.009783377183219966,4.124713315657724e-07,3236976.1222862396,OK
TNDE9EH7SA12,EO AB SUB 2023-2,Obligations corporate,corporate_bond,TNDE9EH7SA12,0.0061743504717015,Max_Sharpe,0.0061743504717015,0.006188540201651236,1.4189729949735594e-05,2047570.7405937314,OK
EO_ATL_2025_2,EO ATL 2025-2,Obligations corporate,corporate_bond,EO_ATL_2025_2,0.0320347547318096,Max_Sharpe,0.0320347547318096,0.032035035716929165,2.809851195675894e-07,10599268.91811374,OK
AMEN_BANK,AMEN BANK,Actions cotées,listed_equity,AMEN_BANK,0.0212848204226004,Max_Sharpe,0.0212848204226004,0.02128481091058667,-9.512013728757429e-09,7042396.852808489,OK
ATTIJARI_BANK,ATTIJARI BANK,Actions cotées,listed_equity,ATTIJARI_BANK,0.0162689936442442,Max_Sharpe,0.0162689936442442,0.016268982694385578,-1.0949858620518116e-08,5382835.347076092,OK
BIAT,BIAT,Actions cotées,listed_equity,BIAT,0.0067096872285262,Max_Sharpe,0.0067096872285262,0.006709683226050121,-4.002476079734141e-09,2219998.67572114,OK
BT,BT,Actions cotées,listed_equity,BT,0.0001354026972243,Max_Sharpe,0.0001354026972243,0.00013539865389529816,-4.043329001853554e-09,44798.662204346154,OK
CITY_CARS,CITY CARS,Actions cotées,listed_equity,CITY_CARS,0.0010673900405549,Max_Sharpe,0.0010673900405549,0.0010673857710413277,-4.26951357232995e-09,353160.48736778845,OK
DELICE_HOLDING,DELICE HOLDING,Actions cotées,listed_equity,DELICE_HOLDING,0.004255307214908,Max_Sharpe,0.004255307214908,0.004255301393702537,-5.821205462976098e-09,1407929.8739674045,OK
ENNAKL,ENNAKL,Actions cotées,listed_equity,ENNAKL,0.0272014357982988,Max_Sharpe,0.0272014357982988,0.025210910433882544,-0.0019905253644162575,8341405.382544575,OK
PGH,PGH,Actions cotées,listed_equity,PGH,0.0448589559037577,Max_Sharpe,0.0448589559037577,0.013617030074918579,-0.03124192582883912,4505397.306419481,OK
BTA_7_4_02_2030,"BTA 7,4% 02/2030",Titres de l'État,government_bond,BTA_7_4_02_2030,0.0981089183612434,Risk_Parity,0.0981089183612434,0.13389678425917773,0.035787865897934326,44301746.256012194,OK
BTA_7_5_12_2028,"BTA 7,5% 12/2028",Titres de l'État,government_bond,BTA_7_5_12_2028,0.06829597420544,Risk_Parity,0.06829597420544,0.07543892572138297,0.007142951515942977,24960092.68352375,OK
EMPRUNT_NATIONAL_2021_2EME_TRANCHE,EMPRUNT NATIONAL 2021 2ème tranche,Titres de l'État,government_bond,EMPRUNT_NATIONAL_2021_2EME_TRANCHE,0.0874174259055424,Risk_Parity,0.0874174259055424,0.0874176191376825,1.9323214010824596e-07,28923421.893732857,OK
EMPRUNT_NATIONAL_2022_3EME_TRANCHE_10_ANS,EMPRUNT NATIONAL 2022 3ème tranche 10 ANS,Titres de l'État,government_bond,EMPRUNT_NATIONAL_2022_3EME_TRANCHE_10_ANS,0.0438495478974024,Risk_Parity,0.0438495478974024,0.04385344912235694,3.901224954541704e-06,14509567.09840799,OK
EMPRUNT_NATIONAL_2023_4EME_TRANCHE_CATEGORIE_C,EMPRUNT NATIONAL 2023 4ème tranche  Catégorie C,Titres de l'État,government_bond,EMPRUNT_NATIONAL_2023_4EME_TRANCHE_CATEGORIE_C,0.0496837556199316,Risk_Parity,0.0496837556199316,0.07979761745874227,0.030113861838810665,26402230.793300148,OK
TN0007310568,E.O HL 2020-03,Obligations corporate,corporate_bond,TN0007310568,0.0099706592583008,Risk_Parity,0.0099706592583008,0.0100226212198626,5.196196156179861e-05,3316133.576763191,OK
TN0003100872,EO BNA SUB 2021-1,Obligations corporate,corporate_bond,TN0003100872,0.0190339210105056,Risk_Parity,0.0190339210105056,0.019049605221496718,1.5684210991118858e-05,6302845.743975415,OK
TNHFN9X6ARP3,EO ADVANS 2022-1,Obligations corporate,corporate_bond,TNHFN9X6ARP3,0.0286634369917476,Risk_Parity,0.0286634369917476,0.02866652202495905,3.0850332114473744e-06,9484745.969207788,OK
TN8DSPQCBC06,EO ATL 2022-1,Obligations corporate,corporate_bond,TN8DSPQCBC06,0.0084347887863857,Risk_Parity,0.0084347887863857,0.008422345628380866,-1.2443158004834046e-05,2786658.5517597115,OK
TNL7VQZVHR54,EO HL 2023-1,Obligations corporate,corporate_bond,TNL7VQZVHR54,0.4167675090979856,Risk_Parity,0.4167675090979856,0.3,-0.11676750909798561,99259470.272847,OK
TNYGOCQ2WZX6,EO BH LEASING 2023-1,Obligations corporate,corporate_bond,TNYGOCQ2WZX6,0.0097829647118884,Risk_Parity,0.0097829647118884,0.009800196491600192,1.7231779711791156e-05,3242541.041086829,OK
TNDE9EH7SA12,EO AB SUB 2023-2,Obligations corporate,corporate_bond,TNDE9EH7SA12,0.0061743504717015,Risk_Parity,0.0061743504717015,0.00634957843259697,0.00017522796089546998,2100852.6389182312,OK
EO_ATL_2025_2,EO ATL 2025-2,Obligations corporate,corporate_bond,EO_ATL_2025_2,0.0320347547318096,Risk_Parity,0.0320347547318096,0.07648263628130929,0.04444788154949969,25305419.87451196,OK
AMEN_BANK,AMEN BANK,Actions cotées,listed_equity,AMEN_BANK,0.0212848204226004,Risk_Parity,0.0212848204226004,0.021327205333351553,4.2384910751154525e-05,7056423.679295708,OK
ATTIJARI_BANK,ATTIJARI BANK,Actions cotées,listed_equity,ATTIJARI_BANK,0.0162689936442442,Risk_Parity,0.0162689936442442,0.016005119265662216,-0.0002638743785819825,5295532.199877898,OK
BIAT,BIAT,Actions cotées,listed_equity,BIAT,0.0067096872285262,Risk_Parity,0.0067096872285262,0.013549506468286263,0.006839819239760063,4483056.115002028,OK
BT,BT,Actions cotées,listed_equity,BT,0.0001354026972243,Risk_Parity,0.0001354026972243,0.007989588005430034,0.007854185308205733,2643474.2437242577,OK
CITY_CARS,CITY CARS,Actions cotées,listed_equity,CITY_CARS,0.0010673900405549,Risk_Parity,0.0010673900405549,0.013981810605207444,0.012914420564652545,4626090.380427217,OK
DELICE_HOLDING,DELICE HOLDING,Actions cotées,listed_equity,DELICE_HOLDING,0.004255307214908,Risk_Parity,0.004255307214908,0.008844650985885034,0.004589343770977034,2926384.5720238746,OK
ENNAKL,ENNAKL,Actions cotées,listed_equity,ENNAKL,0.0272014357982988,Risk_Parity,0.0272014357982988,0.024368207036070254,-0.0028332287622285478,8062584.406331321,OK
PGH,PGH,Actions cotées,listed_equity,PGH,0.0448589559037577,Risk_Parity,0.0448589559037577,0.014736011300559211,-0.03012294460319849,4875628.918760648,OK
BTA_7_4_02_2030,"BTA 7,4% 02/2030",Titres de l'État,government_bond,BTA_7_4_02_2030,0.0981089183612434,Monte_Carlo_Max_Sharpe,0.0981089183612434,0.11472472659200843,0.016615808230765028,37958385.2957332,OK
BTA_7_5_12_2028,"BTA 7,5% 12/2028",Titres de l'État,government_bond,BTA_7_5_12_2028,0.06829597420544,Monte_Carlo_Max_Sharpe,0.06829597420544,0.08779435678555031,0.019498382580110316,29048071.158263512,OK
EMPRUNT_NATIONAL_2021_2EME_TRANCHE,EMPRUNT NATIONAL 2021 2ème tranche,Titres de l'État,government_bond,EMPRUNT_NATIONAL_2021_2EME_TRANCHE,0.0874174259055424,Monte_Carlo_Max_Sharpe,0.0874174259055424,0.11041108713490513,0.022993661229362736,36531153.40419945,OK
EMPRUNT_NATIONAL_2022_3EME_TRANCHE_10_ANS,EMPRUNT NATIONAL 2022 3ème tranche 10 ANS,Titres de l'État,government_bond,EMPRUNT_NATIONAL_2022_3EME_TRANCHE_10_ANS,0.0438495478974024,Monte_Carlo_Max_Sharpe,0.0438495478974024,0.0472476282420543,0.003398080344651902,15632581.836515717,OK
EMPRUNT_NATIONAL_2023_4EME_TRANCHE_CATEGORIE_C,EMPRUNT NATIONAL 2023 4ème tranche  Catégorie C,Titres de l'État,government_bond,EMPRUNT_NATIONAL_2023_4EME_TRANCHE_CATEGORIE_C,0.0496837556199316,Monte_Carlo_Max_Sharpe,0.0496837556199316,0.0563850366736909,0.006701281053759299,18655829.5718187,OK
TN0007310568,E.O HL 2020-03,Obligations corporate,corporate_bond,TN0007310568,0.0099706592583008,Monte_Carlo_Max_Sharpe,0.0099706592583008,0.010337935220603884,0.00036727596230308295,3420459.9123738306,OK
TN0003100872,EO BNA SUB 2021-1,Obligations corporate,corporate_bond,TN0003100872,0.0190339210105056,Monte_Carlo_Max_Sharpe,0.0190339210105056,0.0264902157967051,0.0074562947861995,8764682.624647839,OK
TNHFN9X6ARP3,EO ADVANS 2022-1,Obligations corporate,corporate_bond,TNHFN9X6ARP3,0.0286634369917476,Monte_Carlo_Max_Sharpe,0.0286634369917476,0.03415020222879281,0.0054867652370452075,11299103.276468577,OK
TN8DSPQCBC06,EO ATL 2022-1,Obligations corporate,corporate_bond,TN8DSPQCBC06,0.0084347887863857,Monte_Carlo_Max_Sharpe,0.0084347887863857,0.013271639758507488,0.004836850972121788,4391119.773605027,OK
TNL7VQZVHR54,EO HL 2023-1,Obligations corporate,corporate_bond,TNL7VQZVHR54,0.4167675090979856,Monte_Carlo_Max_Sharpe,0.4167675090979856,0.2992085467855138,-0.11755896231247182,98997606.18346152,OK
TNYGOCQ2WZX6,EO BH LEASING 2023-1,Obligations corporate,corporate_bond,TNYGOCQ2WZX6,0.0097829647118884,Monte_Carlo_Max_Sharpe,0.0097829647118884,0.01662682449043304,0.006843859778544639,5501232.6374666095,OK
TNDE9EH7SA12,EO AB SUB 2023-2,Obligations corporate,corporate_bond,TNDE9EH7SA12,0.0061743504717015,Monte_Carlo_Max_Sharpe,0.0061743504717015,0.011030528267575373,0.004856177795873873,3649614.642230654,OK
EO_ATL_2025_2,EO ATL 2025-2,Obligations corporate,corporate_bond,EO_ATL_2025_2,0.0320347547318096,Monte_Carlo_Max_Sharpe,0.0320347547318096,0.04218549081527617,0.010150736083466574,13957698.23841455,OK
AMEN_BANK,AMEN BANK,Actions cotées,listed_equity,AMEN_BANK,0.0212848204226004,Monte_Carlo_Max_Sharpe,0.0212848204226004,0.022936956998258286,0.001652136575657888,7589034.004393961,OK
ATTIJARI_BANK,ATTIJARI BANK,Actions cotées,listed_equity,ATTIJARI_BANK,0.0162689936442442,Monte_Carlo_Max_Sharpe,0.0162689936442442,0.02195730609308067,0.005688312448836472,7264901.904726477,OK
BIAT,BIAT,Actions cotées,listed_equity,BIAT,0.0067096872285262,Monte_Carlo_Max_Sharpe,0.0067096872285262,0.008414142101108553,0.001704454872582353,2783944.2925216495,OK
BT,BT,Actions cotées,listed_equity,BT,0.0001354026972243,Monte_Carlo_Max_Sharpe,0.0001354026972243,0.009978870116546159,0.009843467419321858,3301657.872299716,OK
CITY_CARS,CITY CARS,Actions cotées,listed_equity,CITY_CARS,0.0010673900405549,Monte_Carlo_Max_Sharpe,0.0010673900405549,0.004184231153245957,0.0031168411126910565,1384415.2259011245,OK
DELICE_HOLDING,DELICE HOLDING,Actions cotées,listed_equity,DELICE_HOLDING,0.004255307214908,Monte_Carlo_Max_Sharpe,0.004255307214908,0.006177777397097514,0.0019224701821895143,2044009.706331556,OK
ENNAKL,ENNAKL,Actions cotées,listed_equity,ENNAKL,0.0272014357982988,Monte_Carlo_Max_Sharpe,0.0272014357982988,0.026043956897164558,-0.0011574789011342436,8617031.21807138,OK
PGH,PGH,Actions cotées,listed_equity,PGH,0.0448589559037577,Monte_Carlo_Max_Sharpe,0.0448589559037577,0.030442540451881675,-0.014416415451876025,10072368.13004497,OK
BTA_7_4_02_2030,"BTA 7,4% 02/2030",Titres de l'État,government_bond,BTA_7_4_02_2030,0.0981089183612434,Monte_Carlo_Min_Volatility,0.0981089183612434,0.11472472659200843,0.016615808230765028,37958385.2957332,OK
BTA_7_5_12_2028,"BTA 7,5% 12/2028",Titres de l'État,government_bond,BTA_7_5_12_2028,0.06829597420544,Monte_Carlo_Min_Volatility,0.06829597420544,0.08779435678555031,0.019498382580110316,29048071.158263512,OK
EMPRUNT_NATIONAL_2021_2EME_TRANCHE,EMPRUNT NATIONAL 2021 2ème tranche,Titres de l'État,government_bond,EMPRUNT_NATIONAL_2021_2EME_TRANCHE,0.0874174259055424,Monte_Carlo_Min_Volatility,0.0874174259055424,0.11041108713490513,0.022993661229362736,36531153.40419945,OK
EMPRUNT_NATIONAL_2022_3EME_TRANCHE_10_ANS,EMPRUNT NATIONAL 2022 3ème tranche 10 ANS,Titres de l'État,government_bond,EMPRUNT_NATIONAL_2022_3EME_TRANCHE_10_ANS,0.0438495478974024,Monte_Carlo_Min_Volatility,0.0438495478974024,0.0472476282420543,0.003398080344651902,15632581.836515717,OK
EMPRUNT_NATIONAL_2023_4EME_TRANCHE_CATEGORIE_C,EMPRUNT NATIONAL 2023 4ème tranche  Catégorie C,Titres de l'État,government_bond,EMPRUNT_NATIONAL_2023_4EME_TRANCHE_CATEGORIE_C,0.0496837556199316,Monte_Carlo_Min_Volatility,0.0496837556199316,0.0563850366736909,0.006701281053759299,18655829.5718187,OK
TN0007310568,E.O HL 2020-03,Obligations corporate,corporate_bond,TN0007310568,0.0099706592583008,Monte_Carlo_Min_Volatility,0.0099706592583008,0.010337935220603884,0.00036727596230308295,3420459.9123738306,OK
TN0003100872,EO BNA SUB 2021-1,Obligations corporate,corporate_bond,TN0003100872,0.0190339210105056,Monte_Carlo_Min_Volatility,0.0190339210105056,0.0264902157967051,0.0074562947861995,8764682.624647839,OK
TNHFN9X6ARP3,EO ADVANS 2022-1,Obligations corporate,corporate_bond,TNHFN9X6ARP3,0.0286634369917476,Monte_Carlo_Min_Volatility,0.0286634369917476,0.03415020222879281,0.0054867652370452075,11299103.276468577,OK
TN8DSPQCBC06,EO ATL 2022-1,Obligations corporate,corporate_bond,TN8DSPQCBC06,0.0084347887863857,Monte_Carlo_Min_Volatility,0.0084347887863857,0.013271639758507488,0.004836850972121788,4391119.773605027,OK
TNL7VQZVHR54,EO HL 2023-1,Obligations corporate,corporate_bond,TNL7VQZVHR54,0.4167675090979856,Monte_Carlo_Min_Volatility,0.4167675090979856,0.2992085467855138,-0.11755896231247182,98997606.18346152,OK
TNYGOCQ2WZX6,EO BH LEASING 2023-1,Obligations corporate,corporate_bond,TNYGOCQ2WZX6,0.0097829647118884,Monte_Carlo_Min_Volatility,0.0097829647118884,0.01662682449043304,0.006843859778544639,5501232.6374666095,OK
TNDE9EH7SA12,EO AB SUB 2023-2,Obligations corporate,corporate_bond,TNDE9EH7SA12,0.0061743504717015,Monte_Carlo_Min_Volatility,0.0061743504717015,0.011030528267575373,0.004856177795873873,3649614.642230654,OK
EO_ATL_2025_2,EO ATL 2025-2,Obligations corporate,corporate_bond,EO_ATL_2025_2,0.0320347547318096,Monte_Carlo_Min_Volatility,0.0320347547318096,0.04218549081527617,0.010150736083466574,13957698.23841455,OK
AMEN_BANK,AMEN BANK,Actions cotées,listed_equity,AMEN_BANK,0.0212848204226004,Monte_Carlo_Min_Volatility,0.0212848204226004,0.022936956998258286,0.001652136575657888,7589034.004393961,OK
ATTIJARI_BANK,ATTIJARI BANK,Actions cotées,listed_equity,ATTIJARI_BANK,0.0162689936442442,Monte_Carlo_Min_Volatility,0.0162689936442442,0.02195730609308067,0.005688312448836472,7264901.904726477,OK
BIAT,BIAT,Actions cotées,listed_equity,BIAT,0.0067096872285262,Monte_Carlo_Min_Volatility,0.0067096872285262,0.008414142101108553,0.001704454872582353,2783944.2925216495,OK
BT,BT,Actions cotées,listed_equity,BT,0.0001354026972243,Monte_Carlo_Min_Volatility,0.0001354026972243,0.009978870116546159,0.009843467419321858,3301657.872299716,OK
CITY_CARS,CITY CARS,Actions cotées,listed_equity,CITY_CARS,0.0010673900405549,Monte_Carlo_Min_Volatility,0.0010673900405549,0.004184231153245957,0.0031168411126910565,1384415.2259011245,OK
DELICE_HOLDING,DELICE HOLDING,Actions cotées,listed_equity,DELICE_HOLDING,0.004255307214908,Monte_Carlo_Min_Volatility,0.004255307214908,0.006177777397097514,0.0019224701821895143,2044009.706331556,OK
ENNAKL,ENNAKL,Actions cotées,listed_equity,ENNAKL,0.0272014357982988,Monte_Carlo_Min_Volatility,0.0272014357982988,0.026043956897164558,-0.0011574789011342436,8617031.21807138,OK
PGH,PGH,Actions cotées,listed_equity,PGH,0.0448589559037577,Monte_Carlo_Min_Volatility,0.0448589559037577,0.030442540451881675,-0.014416415451876025,10072368.13004497,OK
BTA_7_4_02_2030,"BTA 7,4% 02/2030",Titres de l'État,government_bond,BTA_7_4_02_2030,0.0981089183612434,Monte_Carlo_Max_Return,0.0981089183612434,0.08347557519515607,-0.014633343166087331,27619137.91530799,OK
BTA_7_5_12_2028,"BTA 7,5% 12/2028",Titres de l'État,government_bond,BTA_7_5_12_2028,0.06829597420544,Monte_Carlo_Max_Return,0.06829597420544,0.08056537356642726,0.012269399360987268,26656254.341792,OK
EMPRUNT_NATIONAL_2021_2EME_TRANCHE,EMPRUNT NATIONAL 2021 2ème tranche,Titres de l'État,government_bond,EMPRUNT_NATIONAL_2021_2EME_TRANCHE,0.0874174259055424,Monte_Carlo_Max_Return,0.0874174259055424,0.07976255980101703,-0.007654866104525371,26390631.44485077,OK
EMPRUNT_NATIONAL_2022_3EME_TRANCHE_10_ANS,EMPRUNT NATIONAL 2022 3ème tranche 10 ANS,Titres de l'État,government_bond,EMPRUNT_NATIONAL_2022_3EME_TRANCHE_10_ANS,0.0438495478974024,Monte_Carlo_Max_Return,0.0438495478974024,0.04721198027543818,0.0033624323780357818,15620787.175573649,OK
EMPRUNT_NATIONAL_2023_4EME_TRANCHE_CATEGORIE_C,EMPRUNT NATIONAL 2023 4ème tranche  Catégorie C,Titres de l'État,government_bond,EMPRUNT_NATIONAL_2023_4EME_TRANCHE_CATEGORIE_C,0.0496837556199316,Monte_Carlo_Max_Return,0.0496837556199316,0.04709808002075978,-0.002585675599171819,15583101.579095917,OK
TN0007310568,E.O HL 2020-03,Obligations corporate,corporate_bond,TN0007310568,0.0099706592583008,Monte_Carlo_Max_Return,0.0099706592583008,0.008943775872834776,-0.0010268833854660247,2959181.5179221653,OK
TN0003100872,EO BNA SUB 2021-1,Obligations corporate,corporate_bond,TN0003100872,0.0190339210105056,Monte_Carlo_Max_Return,0.0190339210105056,0.033243273734527984,0.014209352724022385,10999032.470081653,OK
TNHFN9X6ARP3,EO ADVANS 2022-1,Obligations corporate,corporate_bond,TNHFN9X6ARP3,0.0286634369917476,Monte_Carlo_Max_Return,0.0286634369917476,0.03247485995499575,0.0038114229632481497,10744791.321059234,OK
TN8DSPQCBC06,EO ATL 2022-1,Obligations corporate,corporate_bond,TN8DSPQCBC06,0.0084347887863857,Monte_Carlo_Max_Return,0.0084347887863857,0.01645751810269096,0.00802272931630526,5445215.096262982,OK
TNL7VQZVHR54,EO HL 2023-1,Obligations corporate,corporate_bond,TNL7VQZVHR54,0.4167675090979856,Monte_Carlo_Max_Return,0.4167675090979856,0.2927463532044944,-0.12402115589349122,96859493.14461958,OK
TNYGOCQ2WZX6,EO BH LEASING 2023-1,Obligations corporate,corporate_bond,TNYGOCQ2WZX6,0.0097829647118884,Monte_Carlo_Max_Return,0.0097829647118884,0.01879054555417538,0.009007580842286981,6217131.992817495,OK
TNDE9EH7SA12,EO AB SUB 2023-2,Obligations corporate,corporate_bond,TNDE9EH7SA12,0.0061743504717015,Monte_Carlo_Max_Return,0.0061743504717015,0.014693726874631989,0.00851937640293049,4861638.486366224,OK
EO_ATL_2025_2,EO ATL 2025-2,Obligations corporate,corporate_bond,EO_ATL_2025_2,0.0320347547318096,Monte_Carlo_Max_Return,0.0320347547318096,0.04367356141707316,0.011638806685263563,14450048.570624437,OK
AMEN_BANK,AMEN BANK,Actions cotées,listed_equity,AMEN_BANK,0.0212848204226004,Monte_Carlo_Max_Return,0.0212848204226004,0.028203715127525536,0.0069188947049251374,9331619.41094822,OK
ATTIJARI_BANK,ATTIJARI BANK,Actions cotées,listed_equity,ATTIJARI_BANK,0.0162689936442442,Monte_Carlo_Max_Return,0.0162689936442442,0.044619945484303834,0.028350951840059636,14763173.841251034,OK
BIAT,BIAT,Actions cotées,listed_equity,BIAT,0.0067096872285262,Monte_Carlo_Max_Return,0.0067096872285262,0.01796885546898055,0.01125916824045435,5945263.584201197,OK
BT,BT,Actions cotées,listed_equity,BT,0.0001354026972243,Monte_Carlo_Max_Return,0.0001354026972243,0.011704594060702726,0.011569191363478426,3872639.354080213,OK
CITY_CARS,CITY CARS,Actions cotées,listed_equity,CITY_CARS,0.0010673900405549,Monte_Carlo_Max_Return,0.0010673900405549,0.006662880024040906,0.005595489983486006,2204513.1389261144,OK
DELICE_HOLDING,DELICE HOLDING,Actions cotées,listed_equity,DELICE_HOLDING,0.004255307214908,Monte_Carlo_Max_Return,0.004255307214908,0.017046087409186898,0.012790780194278897,5639952.021535127,OK
ENNAKL,ENNAKL,Actions cotées,listed_equity,ENNAKL,0.0272014357982988,Monte_Carlo_Max_Return,0.0272014357982988,0.02716848693346201,-3.294886483679038e-05,8989098.737100681,OK
PGH,PGH,Actions cotées,listed_equity,PGH,0.0448589559037577,Monte_Carlo_Max_Return,0.0448589559037577,0.04748825191757445,0.0026292960138167495,15712195.765073167,OK
BTA_7_4_02_2030,"BTA 7,4% 02/2030",Titres de l'État,government_bond,BTA_7_4_02_2030,0.0981089183612434,MultiCriteria_Recommended_Portfolio,0.0981089183612434,0.09810892002950994,1.6682665388012552e-09,32460798.103900883,OK
BTA_7_5_12_2028,"BTA 7,5% 12/2028",Titres de l'État,government_bond,BTA_7_5_12_2028,0.06829597420544,MultiCriteria_Recommended_Portfolio,0.06829597420544,0.06829597573256771,1.527127715950094e-09,22596741.24327295,OK
EMPRUNT_NATIONAL_2021_2EME_TRANCHE,EMPRUNT NATIONAL 2021 2ème tranche,Titres de l'État,government_bond,EMPRUNT_NATIONAL_2021_2EME_TRANCHE,0.0874174259055424,MultiCriteria_Recommended_Portfolio,0.0874174259055424,0.08741742735953315,1.453990747246614e-09,28923358.441074472,OK
EMPRUNT_NATIONAL_2022_3EME_TRANCHE_10_ANS,EMPRUNT NATIONAL 2022 3ème tranche 10 ANS,Titres de l'État,government_bond,EMPRUNT_NATIONAL_2022_3EME_TRANCHE_10_ANS,0.0438495478974024,MultiCriteria_Recommended_Portfolio,0.0438495478974024,0.04384954951769748,1.6202950786636805e-09,14508276.85609875,OK
EMPRUNT_NATIONAL_2023_4EME_TRANCHE_CATEGORIE_C,EMPRUNT NATIONAL 2023 4ème tranche  Catégorie C,Titres de l'État,government_bond,EMPRUNT_NATIONAL_2023_4EME_TRANCHE_CATEGORIE_C,0.0496837556199316,MultiCriteria_Recommended_Portfolio,0.0496837556199316,0.049683757398890575,1.778958973186473e-09,16438611.46859507,OK
TN0007310568,E.O HL 2020-03,Obligations corporate,corporate_bond,TN0007310568,0.0099706592583008,MultiCriteria_Recommended_Portfolio,0.0099706592583008,0.00997066823629241,8.97799160883006e-09,3298944.1580022876,OK
TN0003100872,EO BNA SUB 2021-1,Obligations corporate,corporate_bond,TN0003100872,0.0190339210105056,MultiCriteria_Recommended_Portfolio,0.0190339210105056,0.019033926921616928,5.911111329581775e-09,6297658.344839259,OK
TNHFN9X6ARP3,EO ADVANS 2022-1,Obligations corporate,corporate_bond,TNHFN9X6ARP3,0.0286634369917476,MultiCriteria_Recommended_Portfolio,0.0286634369917476,0.02866365776872361,2.207769760100009e-07,9483798.287352271,OK
TN8DSPQCBC06,EO ATL 2022-1,Obligations corporate,corporate_bond,TN8DSPQCBC06,0.0084347887863857,MultiCriteria_Recommended_Portfolio,0.0084347887863857,0.008434803656153119,1.4869767419115054e-08,2790780.4758841055,OK
TNL7VQZVHR54,EO HL 2023-1,Obligations corporate,corporate_bond,TNL7VQZVHR54,0.4167675090979856,MultiCriteria_Recommended_Portfolio,0.4167675090979856,0.2999999997785018,-0.11676750931948382,99259470.19956101,OK
TNYGOCQ2WZX6,EO BH LEASING 2023-1,Obligations corporate,corporate_bond,TNYGOCQ2WZX6,0.0097829647118884,MultiCriteria_Recommended_Portfolio,0.0097829647118884,0.009782982743794974,1.8031906573803824e-08,3236845.6161249746,OK
TNDE9EH7SA12,EO AB SUB 2023-2,Obligations corporate,corporate_bond,TNDE9EH7SA12,0.0061743504717015,MultiCriteria_Recommended_Portfolio,0.0061743504717015,0.0932838463707573,0.0871094958990558,30864350.5859167,OK
EO_ATL_2025_2,EO ATL 2025-2,Obligations corporate,corporate_bond,EO_ATL_2025_2,0.0320347547318096,MultiCriteria_Recommended_Portfolio,0.0320347547318096,0.07082221367964917,0.03878745894783957,23432584.711307846,OK
AMEN_BANK,AMEN BANK,Actions cotées,listed_equity,AMEN_BANK,0.0212848204226004,MultiCriteria_Recommended_Portfolio,0.0212848204226004,0.02128481868668142,-1.7359189780075113e-09,7042399.4256453095,OK
ATTIJARI_BANK,ATTIJARI BANK,Actions cotées,listed_equity,ATTIJARI_BANK,0.0162689936442442,MultiCriteria_Recommended_Portfolio,0.0162689936442442,0.016268993275590237,-3.686539615244122e-10,5382838.848025323,OK
BIAT,BIAT,Actions cotées,listed_equity,BIAT,0.0067096872285262,MultiCriteria_Recommended_Portfolio,0.0067096872285262,0.00670968707390706,-1.54619140407819e-10,2219999.9488419453,OK
BT,BT,Actions cotées,listed_equity,BT,0.0001354026972243,MultiCriteria_Recommended_Portfolio,0.0001354026972243,0.007950794741480796,0.007815392044256495,2630638.9142917376,OK
CITY_CARS,CITY CARS,Actions cotées,listed_equity,CITY_CARS,0.0010673900405549,MultiCriteria_Recommended_Portfolio,0.0010673900405549,0.017354760068943834,0.016287370028388932,5742080.970519075,OK
DELICE_HOLDING,DELICE HOLDING,Actions cotées,listed_equity,DELICE_HOLDING,0.004255307214908,MultiCriteria_Recommended_Portfolio,0.004255307214908,0.004255307512301961,2.9739396101985394e-10,1407931.8983971968,OK
ENNAKL,ENNAKL,Actions cotées,listed_equity,ENNAKL,0.0272014357982988,MultiCriteria_Recommended_Portfolio,0.0272014357982988,0.0020269646619568535,-0.02517447113634195,670651.4620253922,OK
PGH,PGH,Actions cotées,listed_equity,PGH,0.0448589559037577,MultiCriteria_Recommended_Portfolio,0.0448589559037577,0.036800944785449693,-0.008058011118308006,12176140.949813426,OK
