portfolio_name,asset_id,asset_name,asset_class,asset_type,weight,marginal_risk_contribution,risk_contribution,risk_contribution_pct
Current_Portfolio,BTA_7_4_02_2030,"BTA 7,4% 02/2030",Titres de l'État,government_bond,0.09810891836124348,-0.00036842370197980923,-3.61456508998842e-05,-0.0023389384910678913
Current_Portfolio,BTA_7_5_12_2028,"BTA 7,5% 12/2028",Titres de l'État,government_bond,0.06829597420544005,-0.0003247429643692686,-2.2178637117961707e-05,-0.001435151027666066
Current_Portfolio,EMPRUNT_NATIONAL_2021_2EME_TRANCHE,EMPRUNT NATIONAL 2021 2ème tranche,Titres de l'État,government_bond,0.08741742590554248,-0.00017956736010367707,-1.5697316396917054e-05,-0.0010157531158842144
Current_Portfolio,EMPRUNT_NATIONAL_2022_3EME_TRANCHE_10_ANS,EMPRUNT NATIONAL 2022 3ème tranche 10 ANS,Titres de l'État,government_bond,0.04384954789740244,-0.0004130066843345711,-1.8110156386676146e-05,-0.0011718848823439375
Current_Portfolio,EMPRUNT_NATIONAL_2023_4EME_TRANCHE_CATEGORIE_C,EMPRUNT NATIONAL 2023 4ème tranche  Catégorie C,Titres de l'État,government_bond,0.049683755619931644,-0.0005121287936133796,-2.5444481827817562e-05,-0.0016464796303488518
Current_Portfolio,TN0007310568,E.O HL 2020-03,Obligations corporate,corporate_bond,0.00997065925830081,-0.00026063626904941406,-2.598715429046521e-06,-0.0001681595266098359
Current_Portfolio,TN0003100872,EO BNA SUB 2021-1,Obligations corporate,corporate_bond,0.019033921010505616,-0.00014742663970736716,-2.8061070150342975e-06,-0.0001815795688864015
Current_Portfolio,TNHFN9X6ARP3,EO ADVANS 2022-1,Obligations corporate,corporate_bond,0.028663436991747625,-0.00034717211302985157,-9.951145987123035e-06,-0.0006439258334006766
Current_Portfolio,TN8DSPQCBC06,EO ATL 2022-1,Obligations corporate,corporate_bond,0.008434788786385707,-0.0003134957281739323,-2.644270252581306e-06,-0.0001711073205370897
Current_Portfolio,TNL7VQZVHR54,EO HL 2023-1,Obligations corporate,corporate_bond,0.416767509097986,-7.929678628853505e-05,-3.3048324100948085e-05,-0.0021385144652421176
Current_Portfolio,TNYGOCQ2WZX6,EO BH LEASING 2023-1,Obligations corporate,corporate_bond,0.00978296471188841,-0.00041586290016611756,-4.0683720773087004e-06,-0.00026325911446330153
Current_Portfolio,TNDE9EH7SA12,EO AB SUB 2023-2,Obligations corporate,corporate_bond,0.0061743504717015054,-8.459356805363605e-05,-5.223103368148811e-07,-3.379802882628056e-05
Current_Portfolio,EO_ATL_2025_2,EO ATL 2025-2,Obligations corporate,corporate_bond,0.032034754731809625,-0.0008565529091903121,-2.743946236072965e-05,-0.00177557224982563
Current_Portfolio,AMEN_BANK,AMEN BANK,Actions cotées,listed_equity,0.021284820422600416,0.05096019129403009,0.0010846785203947956,0.07018814929665808
Current_Portfolio,ATTIJARI_BANK,ATTIJARI BANK,Actions cotées,listed_equity,0.016268993644244212,0.0722844161447139,0.001175994706836254,0.07609710204776605
Current_Portfolio,BIAT,BIAT,Actions cotées,listed_equity,0.006709687228526206,0.023972471092915323,0.0001608477831283476,0.010408252771650545
Current_Portfolio,BT,BT,Actions cotées,listed_equity,0.00013540269722430012,0.03644641803792308,4.934943306499169e-06,0.0003193338220074973
Current_Portfolio,CITY_CARS,CITY CARS,Actions cotées,listed_equity,0.001067390040554901,0.009726519453580572,1.03819899940154e-05,0.0006718051938846705
Current_Portfolio,DELICE_HOLDING,DELICE HOLDING,Actions cotées,listed_equity,0.0042553072149080036,0.041083560165848146,0.00017482316998784067,0.011312582046112095
Current_Portfolio,ENNAKL,ENNAKL,Actions cotées,listed_equity,0.027201435798298826,0.07121366448735147,0.0019371139225142842,0.12534814568705632
Current_Portfolio,PGH,PGH,Actions cotées,listed_equity,0.04485895590375774,0.24757040117089785,0.01110574970920092,0.718638752389967
Minimum_Variance,BTA_7_4_02_2030,"BTA 7,4% 02/2030",Titres de l'État,government_bond,0.0981111877075414,0.0003474909910504513,3.4092753849630416e-05,0.003865297567154777
Minimum_Variance,BTA_7_5_12_2028,"BTA 7,5% 12/2028",Titres de l'État,government_bond,0.06829792534582707,0.00035250900969029147,2.407563402755896e-05,0.002729597322788321
Minimum_Variance,EMPRUNT_NATIONAL_2021_2EME_TRANCHE,EMPRUNT NATIONAL 2021 2ème tranche,Titres de l'État,government_bond,0.08742171243563651,3.8009916233127706e-06,3.3228919666351226e-07,3.7673595659659885e-05
Minimum_Variance,EMPRUNT_NATIONAL_2022_3EME_TRANCHE_10_ANS,EMPRUNT NATIONAL 2022 3ème tranche 10 ANS,Titres de l'État,government_bond,0.04386140427805434,-4.9543529265188205e-06,-2.1730487664620366e-07,-2.4637141802510782e-05
Minimum_Variance,EMPRUNT_NATIONAL_2023_4EME_TRANCHE_CATEGORIE_C,EMPRUNT NATIONAL 2023 4ème tranche  Catégorie C,Titres de l'État,government_bond,0.04982506312774231,-0.00011781165507898228,-5.869973151494096e-06,-0.0006655136467358136
Minimum_Variance,TN0007310568,E.O HL 2020-03,Obligations corporate,corporate_bond,0.05736902467597536,-0.00018004889966930797,-1.032922976801074e-05,-0.0011710859987717722
Minimum_Variance,TN0003100872,EO BNA SUB 2021-1,Obligations corporate,corporate_bond,0.1097354423141644,-0.00017999569699419585,-1.9751907424304396e-05,-0.0022393908116242656
Minimum_Variance,TNHFN9X6ARP3,EO ADVANS 2022-1,Obligations corporate,corporate_bond,0.040393848112612964,-0.00017986549206395626,-7.265459367131841e-06,-0.0008237281898640473
Minimum_Variance,TN8DSPQCBC06,EO ATL 2022-1,Obligations corporate,corporate_bond,0.00843557982856497,3.866443427147554e-05,3.261569218233352e-07,3.697834331585082e-05
Minimum_Variance,TNL7VQZVHR54,EO HL 2023-1,Obligations corporate,corporate_bond,0.2999999915257558,0.0005090434700242136,0.0001527130366935054,0.01731398207982027
Minimum_Variance,TNYGOCQ2WZX6,EO BH LEASING 2023-1,Obligations corporate,corporate_bond,0.00978506270132461,9.94599487613244e-06,9.732218349000923e-08,1.1033992757912734e-05
Minimum_Variance,TNDE9EH7SA12,EO AB SUB 2023-2,Obligations corporate,corporate_bond,0.006174673434706306,0.00019680191615617724,1.2151875635888454e-06,0.00013777301633929534
Minimum_Variance,EO_ATL_2025_2,EO ATL 2025-2,Obligations corporate,corporate_bond,0.0320392732440644,0.0001528753223036718,4.898014223561754e-06,0.000555316902404702
Minimum_Variance,AMEN_BANK,AMEN BANK,Actions cotées,listed_equity,0.02128481390039393,0.07106916993024265,0.001512694056020687,0.1715030906677443
Minimum_Variance,ATTIJARI_BANK,ATTIJARI BANK,Actions cotées,listed_equity,0.01626842213958029,0.11517496330099071,0.0018737149228911845,0.21243416606756185
Minimum_Variance,BIAT,BIAT,Actions cotées,listed_equity,0.006709700508543297,0.03957400351971602,0.00026552971154133277,0.03010467715676038
Minimum_Variance,BT,BT,Actions cotées,listed_equity,0.00013540924916267638,0.05432482739222382,7.356084088073022e-06,0.0008340028515978287
Minimum_Variance,CITY_CARS,CITY CARS,Actions cotées,listed_equity,0.001067454954390189,0.016268132729124894,1.7365498880381555e-05,0.0019688295310733746
Minimum_Variance,DELICE_HOLDING,DELICE HOLDING,Actions cotées,listed_equity,0.004255303407244054,0.06817513164784245,0.0002901058699903759,0.032891021899754104
Minimum_Variance,ENNAKL,ENNAKL,Actions cotées,listed_equity,0.026276747244038275,0.12050670417617439,0.003166524206849426,0.3590076168987587
Minimum_Variance,PGH,PGH,Actions cotées,listed_equity,0.012551959864676911,0.12050768947432937,0.0015126076816667305,0.17149329789530693
Mean_Variance_lambda_2,BTA_7_4_02_2030,"BTA 7,4% 02/2030",Titres de l'État,government_bond,0.09810889772059486,0.0001630986360903666,1.60014274065583e-05,0.0005170456924286869
Mean_Variance_lambda_2,BTA_7_5_12_2028,"BTA 7,5% 12/2028",Titres de l'État,government_bond,0.06829592276459251,0.00045898786576758723,3.134699983034829e-05,0.0010128990883776696
Mean_Variance_lambda_2,EMPRUNT_NATIONAL_2021_2EME_TRANCHE,EMPRUNT NATIONAL 2021 2ème tranche,Titres de l'État,government_bond,0.08741723354287227,-2.0729797798992763e-05,-1.81214157549107e-06,-5.8554775887966847e-05
Mean_Variance_lambda_2,EMPRUNT_NATIONAL_2022_3EME_TRANCHE_10_ANS,EMPRUNT NATIONAL 2022 3ème tranche 10 ANS,Titres de l'État,government_bond,0.04384952094458468,-1.614679711476533e-05,-7.080293182718617e-07,-2.2878178291496913e-05
Mean_Variance_lambda_2,EMPRUNT_NATIONAL_2023_4EME_TRANCHE_CATEGORIE_C,EMPRUNT NATIONAL 2023 4ème tranche  Catégorie C,Titres de l'État,government_bond,0.049683741152396925,-0.00031493918010110073,-1.5647356702891204e-05,-0.0005056047923455335
Mean_Variance_lambda_2,TN0007310568,E.O HL 2020-03,Obligations corporate,corporate_bond,0.009970657554507998,-0.0002707779199149006,-2.699833912793465e-06,-8.723831064662475e-05
Mean_Variance_lambda_2,TN0003100872,EO BNA SUB 2021-1,Obligations corporate,corporate_bond,0.019033918475133003,-0.00031161412815811524,-5.931237911061213e-06,-0.0001916529653740144
Mean_Variance_lambda_2,TNHFN9X6ARP3,EO ADVANS 2022-1,Obligations corporate,corporate_bond,0.028663436022069184,-0.00025799699993399555,-7.3950805014938685e-06,-0.00023895333968103685
Mean_Variance_lambda_2,TN8DSPQCBC06,EO ATL 2022-1,Obligations corporate,corporate_bond,0.008434787497360048,0.00010903814097688409,9.197135482472043e-07,2.9718219275526585e-05
Mean_Variance_lambda_2,TNL7VQZVHR54,EO HL 2023-1,Obligations corporate,corporate_bond,0.2999999983698189,0.0002144894896029868,6.434684653123932e-05,0.002079205746776755
Mean_Variance_lambda_2,TNYGOCQ2WZX6,EO BH LEASING 2023-1,Obligations corporate,corporate_bond,0.009782963510743948,6.816171309674074e-05,6.668235520552125e-07,2.154671807959045e-05
Mean_Variance_lambda_2,TNDE9EH7SA12,EO AB SUB 2023-2,Obligations corporate,corporate_bond,0.006174348965678824,0.0002931133531233462,1.8097841286837845e-06,5.84786009514523e-05
Mean_Variance_lambda_2,EO_ATL_2025_2,EO ATL 2025-2,Obligations corporate,corporate_bond,0.03203475398917658,0.00020284207788054978,6.497996063556808e-06,0.00020996632292339052
Mean_Variance_lambda_2,AMEN_BANK,AMEN BANK,Actions cotées,listed_equity,0.02128482342366717,0.05165811340798764,0.0010995338222887904,0.03552865704100003
Mean_Variance_lambda_2,ATTIJARI_BANK,ATTIJARI BANK,Actions cotées,listed_equity,0.01626909136117768,0.10569273528890424,0.0017195247666279515,0.05556209774416953
Mean_Variance_lambda_2,BIAT,BIAT,Actions cotées,listed_equity,0.006709690749864259,0.04450439475655964,0.0002986107258263956,0.009648851041767775
Mean_Variance_lambda_2,BT,BT,Actions cotées,listed_equity,0.07893373980777171,0.1719066828957369,0.013569237378909216,0.4384556176177015
Mean_Variance_lambda_2,CITY_CARS,CITY CARS,Actions cotées,listed_equity,0.024115838588536158,0.0474325111990094,0.0011438747839242443,0.03696142317049924
Mean_Variance_lambda_2,DELICE_HOLDING,DELICE HOLDING,Actions cotées,listed_equity,0.05240840230643677,0.16353633495818778,0.008570678034208905,0.2769398033180856
Mean_Variance_lambda_2,ENNAKL,ENNAKL,Actions cotées,listed_equity,0.0,-0.02238042325966374,-0.0,-0.0
Mean_Variance_lambda_2,PGH,PGH,Actions cotées,listed_equity,0.03882823325301651,0.11483772524367707,0.004458945982007315,0.14407957204018973
Mean_Variance_lambda_5,BTA_7_4_02_2030,"BTA 7,4% 02/2030",Titres de l'État,government_bond,0.09810891809013701,0.00021861515396796307,2.144809623390558e-05,0.0007314743279648787
Mean_Variance_lambda_5,BTA_7_5_12_2028,"BTA 7,5% 12/2028",Titres de l'État,government_bond,0.06829597390596981,0.0005022367268968915,3.430074639476979e-05,0.001169806175064853
Mean_Variance_lambda_5,EMPRUNT_NATIONAL_2021_2EME_TRANCHE,EMPRUNT NATIONAL 2021 2ème tranche,Titres de l'État,government_bond,0.08741742556678017,-1.1415533693333088e-05,-9.979165669420164e-07,-3.4033339938815186e-05
Mean_Variance_lambda_5,EMPRUNT_NATIONAL_2022_3EME_TRANCHE_10_ANS,EMPRUNT NATIONAL 2022 3ème tranche 10 ANS,Titres de l'État,government_bond,0.04384954760089892,2.3835630503512045e-05,1.0451816143611896e-06,3.5645285746038574e-05
Mean_Variance_lambda_5,EMPRUNT_NATIONAL_2023_4EME_TRANCHE_CATEGORIE_C,EMPRUNT NATIONAL 2023 4ème tranche  Catégorie C,Titres de l'État,government_bond,0.04968375538401371,-0.0002704357850108418,-1.3436265389562385e-05,-0.0004582356908978783
Mean_Variance_lambda_5,TN0007310568,E.O HL 2020-03,Obligations corporate,corporate_bond,0.009970659353312502,-0.00027033384664176065,-2.6954066965356185e-06,-9.192521240293801e-05
Mean_Variance_lambda_5,TN0003100872,EO BNA SUB 2021-1,Obligations corporate,corporate_bond,0.019033921056710475,-0.0003137372441319988,-5.971649937358368e-06,-0.0002036595032553765
Mean_Variance_lambda_5,TNHFN9X6ARP3,EO ADVANS 2022-1,Obligations corporate,corporate_bond,0.028663437247307327,-0.0002504732313044588,-7.179423747625648e-06,-0.00024484989733810427
Mean_Variance_lambda_5,TN8DSPQCBC06,EO ATL 2022-1,Obligations corporate,corporate_bond,0.008434788925593831,0.000122724873090156,1.0351584004357562e-06,3.530345010756524e-05
Mean_Variance_lambda_5,TNL7VQZVHR54,EO HL 2023-1,Obligations corporate,corporate_bond,0.30000000001921323,0.00024063601956240442,7.219080587334473e-05,0.002462023698307149
Mean_Variance_lambda_5,TNYGOCQ2WZX6,EO BH LEASING 2023-1,Obligations corporate,corporate_bond,0.009782964870472356,8.517617764239755e-05,8.332755536766881e-07,2.8418357927342602e-05
Mean_Variance_lambda_5,TNDE9EH7SA12,EO AB SUB 2023-2,Obligations corporate,corporate_bond,0.006174350571051504,0.0003088249092419572,1.9067932547330073e-06,6.503002874301306e-05
Mean_Variance_lambda_5,EO_ATL_2025_2,EO ATL 2025-2,Obligations corporate,corporate_bond,0.032034755034278745,0.00024739793402999517,7.925332212637548e-06,0.000270288653636921
Mean_Variance_lambda_5,AMEN_BANK,AMEN BANK,Actions cotées,listed_equity,0.02128482207279467,0.051758868576738865,0.0011016783083450498,0.03757207126645939
Mean_Variance_lambda_5,ATTIJARI_BANK,ATTIJARI BANK,Actions cotées,listed_equity,0.016269027450550096,0.10545457093120164,0.0017156433092657016,0.05851097565893615
Mean_Variance_lambda_5,BIAT,BIAT,Actions cotées,listed_equity,0.006709688825252429,0.04452954188823112,0.0002987793696010743,0.010189689388059933
Mean_Variance_lambda_5,BT,BT,Actions cotées,listed_equity,0.07893374107802723,0.17771252852562552,0.014027514712963252,0.4783998908705854
Mean_Variance_lambda_5,CITY_CARS,CITY CARS,Actions cotées,listed_equity,0.04359735011874897,0.07539553393334714,0.0032870454902821536,0.11210269502582781
Mean_Variance_lambda_5,DELICE_HOLDING,DELICE HOLDING,Actions cotées,listed_equity,0.032926967281745274,0.12441254593907765,0.004096527829574641,0.13970959979145367
Mean_Variance_lambda_5,ENNAKL,ENNAKL,Actions cotées,listed_equity,8.29197920750339e-11,-0.022275064779272106,-1.847043739955154e-12,-6.299230774009871e-11
Mean_Variance_lambda_5,PGH,PGH,Actions cotées,listed_equity,0.0388279054642219,0.12063851928728218,0.004684141022230303,0.15974979172800527
Mean_Variance_lambda_10,BTA_7_4_02_2030,"BTA 7,4% 02/2030",Titres de l'État,government_bond,0.09810892319239843,0.00017312379757849605,1.6984989359405e-05,0.0006162906454176432
Mean_Variance_lambda_10,BTA_7_5_12_2028,"BTA 7,5% 12/2028",Titres de l'État,government_bond,0.06829597843715456,0.00047191708977276016,3.223003938724516e-05,0.0011694485851887046
Mean_Variance_lambda_10,EMPRUNT_NATIONAL_2021_2EME_TRANCHE,EMPRUNT NATIONAL 2021 2ème tranche,Titres de l'État,government_bond,0.08741742990803494,-2.022571041948664e-05,-1.7680796229356854e-06,-6.415376005905182e-05
Mean_Variance_lambda_10,EMPRUNT_NATIONAL_2022_3EME_TRANCHE_10_ANS,EMPRUNT NATIONAL 2022 3ème tranche 10 ANS,Titres de l'État,government_bond,0.04384955249645197,-1.7805587379887133e-05,-7.807670385445236e-07,-2.8329686402716854e-05
Mean_Variance_lambda_10,EMPRUNT_NATIONAL_2023_4EME_TRANCHE_CATEGORIE_C,EMPRUNT NATIONAL 2023 4ème tranche  Catégorie C,Titres de l'État,government_bond,0.049683760782531075,-0.00032313410597019485,-1.6054517621700208e-05,-0.0005825290094437334
Mean_Variance_lambda_10,TN0007310568,E.O HL 2020-03,Obligations corporate,corporate_bond,0.00997069292592211,-0.00027724213696711406,-2.7642962138255328e-06,-0.00010030091050959385
Mean_Variance_lambda_10,TN0003100872,EO BNA SUB 2021-1,Obligations corporate,corporate_bond,0.019033938639443616,-0.0003207526715856233,-6.105186669398364e-06,-0.0002215232140133949
Mean_Variance_lambda_10,TNHFN9X6ARP3,EO ADVANS 2022-1,Obligations corporate,corporate_bond,0.028663703825437037,-0.0002664460863897883,-7.637331705723703e-06,-0.0002771162222473111
Mean_Variance_lambda_10,TN8DSPQCBC06,EO ATL 2022-1,Obligations corporate,corporate_bond,0.008434851124838626,0.00011349054915085265,9.572758861636227e-07,3.473420920336639e-05
Mean_Variance_lambda_10,TNL7VQZVHR54,EO HL 2023-1,Obligations corporate,corporate_bond,0.29999999953528544,0.00023433975694983267,7.03019269760487e-05,0.0025508652983748962
Mean_Variance_lambda_10,TNYGOCQ2WZX6,EO BH LEASING 2023-1,Obligations corporate,corporate_bond,0.009783045878976021,6.753153858158398e-05,6.606641402214753e-07,2.397182128088472e-05
Mean_Variance_lambda_10,TNDE9EH7SA12,EO AB SUB 2023-2,Obligations corporate,corporate_bond,0.006174387799667614,0.00030326318489899413,1.8724645089286931e-06,6.794130607390146e-05
Mean_Variance_lambda_10,EO_ATL_2025_2,EO ATL 2025-2,Obligations corporate,corporate_bond,0.032036186949692125,0.00020889094713911436,6.692069434646923e-06,0.00024281792021109107
Mean_Variance_lambda_10,AMEN_BANK,AMEN BANK,Actions cotées,listed_equity,0.021285060470927344,0.05404732698022464,0.0011504006230660644,0.04174163006382242
Mean_Variance_lambda_10,ATTIJARI_BANK,ATTIJARI BANK,Actions cotées,listed_equity,0.01626901041678717,0.10946134641959772,0.0017808277851359845,0.06461631984899721
Mean_Variance_lambda_10,BIAT,BIAT,Actions cotées,listed_equity,0.023014290780162757,0.05221806213129956,0.0012017616658663334,0.04360523618961453
Mean_Variance_lambda_10,BT,BT,Actions cotées,listed_equity,0.06933266829397487,0.172982629731633,0.011993347287802786,0.43517176162522164
Mean_Variance_lambda_10,CITY_CARS,CITY CARS,Actions cotées,listed_equity,0.04575085335698177,0.08244498852193943,0.0037719285798852964,0.1368622758470893
Mean_Variance_lambda_10,DELICE_HOLDING,DELICE HOLDING,Actions cotées,listed_equity,0.0240677504812785,0.10852014642238177,0.0026118358062856917,0.09476897163255608
Mean_Variance_lambda_10,ENNAKL,ENNAKL,Actions cotées,listed_equity,7.669548548501065e-09,-0.022831382579961954,-1.751063971264197e-10,-6.353635684913949e-09
Mean_Variance_lambda_10,PGH,PGH,Actions cotées,listed_equity,0.03882790703450538,0.12762316238275287,0.0049553402844471125,0.1798016941632597
Mean_Variance_lambda_20,BTA_7_4_02_2030,"BTA 7,4% 02/2030",Titres de l'État,government_bond,0.09810892159796417,0.0003957482838255185,3.882643735036667e-05,0.0024085034076361763
Mean_Variance_lambda_20,BTA_7_5_12_2028,"BTA 7,5% 12/2028",Titres de l'État,government_bond,0.06829597713668689,0.0005857473459544575,4.000418734718066e-05,0.0024815622581063498
Mean_Variance_lambda_20,EMPRUNT_NATIONAL_2021_2EME_TRANCHE,EMPRUNT NATIONAL 2021 2ème tranche,Titres de l'État,government_bond,0.0874174287214395,3.7202064198548833e-06,3.2521087953670585e-07,2.0173664261192304e-05
Mean_Variance_lambda_20,EMPRUNT_NATIONAL_2022_3EME_TRANCHE_10_ANS,EMPRUNT NATIONAL 2022 3ème tranche 10 ANS,Titres de l'État,government_bond,0.04384955097669565,0.00011140174401380438,4.884916453026115e-06,0.000303023885940447
Mean_Variance_lambda_20,EMPRUNT_NATIONAL_2023_4EME_TRANCHE_CATEGORIE_C,EMPRUNT NATIONAL 2023 4ème tranche  Catégorie C,Titres de l'État,government_bond,0.0496837590707177,-0.00013890830223551491,-6.901486621191759e-06,-0.0004281169012468989
Mean_Variance_lambda_20,TN0007310568,E.O HL 2020-03,Obligations corporate,corporate_bond,0.009970675210214714,-0.00028797082064351345,-2.871263522655467e-06,-0.00017811183437029503
Mean_Variance_lambda_20,TN0003100872,EO BNA SUB 2021-1,Obligations corporate,corporate_bond,0.01903393100181317,-0.00031700875538961026,-6.033922777056511e-06,-0.0003742996927277157
Mean_Variance_lambda_20,TNHFN9X6ARP3,EO ADVANS 2022-1,Obligations corporate,corporate_bond,0.028663444329593092,-0.00024558856332971386,-7.039414112986001e-06,-0.0004366728970235756
Mean_Variance_lambda_20,TN8DSPQCBC06,EO ATL 2022-1,Obligations corporate,corporate_bond,0.00843480367501645,0.00011442016372373073,9.651116174729078e-07,5.986834688068048e-05
Mean_Variance_lambda_20,TNL7VQZVHR54,EO HL 2023-1,Obligations corporate,corporate_bond,0.2999999992278951,0.0003578465426541136,0.00010735396251993901,0.006659441406361165
Mean_Variance_lambda_20,TNYGOCQ2WZX6,EO BH LEASING 2023-1,Obligations corporate,corporate_bond,0.009782979213093712,9.0456143517655e-05,8.849305717298404e-07,5.4894511136820085e-05
Mean_Variance_lambda_20,TNDE9EH7SA12,EO AB SUB 2023-2,Obligations corporate,corporate_bond,0.006174363854166416,0.0003243062512378898,2.002384795323439e-06,0.0001242130602768226
Mean_Variance_lambda_20,EO_ATL_2025_2,EO ATL 2025-2,Obligations corporate,corporate_bond,0.12167107964681685,0.0005352217348905822,6.512100633457952e-05,0.004039622905655304
Mean_Variance_lambda_20,AMEN_BANK,AMEN BANK,Actions cotées,listed_equity,0.021284831557419073,0.06162685675579594,0.0013117172654603102,0.08136918345629589
Mean_Variance_lambda_20,ATTIJARI_BANK,ATTIJARI BANK,Actions cotées,listed_equity,0.016268998966051752,0.1155495260748934,0.0018798751202402106,0.11661347118128662
Mean_Variance_lambda_20,BIAT,BIAT,Actions cotées,listed_equity,0.007222395416073141,0.046352852862313144,0.0003347786320346832,0.020767176467497796
Mean_Variance_lambda_20,BT,BT,Actions cotées,listed_equity,0.031692022863068284,0.1495639831662005,0.004739985173994787,0.2940334272931582
Mean_Variance_lambda_20,CITY_CARS,CITY CARS,Actions cotées,listed_equity,0.02257235993522098,0.07217151761283176,0.001629081472627979,0.10105609852211675
Mean_Variance_lambda_20,DELICE_HOLDING,DELICE HOLDING,Actions cotées,listed_equity,0.011044555653014449,0.09446082547018077,0.0010432778439350963,0.06471719822125974
Mean_Variance_lambda_20,ENNAKL,ENNAKL,Actions cotées,listed_equity,0.008578407291515188,0.0019460035401875557,1.6693610958459298e-05,0.001035547467731343
Mean_Variance_lambda_20,PGH,PGH,Actions cotées,listed_equity,0.030249514655523717,0.16289962158088456,0.004927634490390235,0.30567379526976746
Max_Return,BTA_7_4_02_2030,"BTA 7,4% 02/2030",Titres de l'État,government_bond,0.0981089100800685,3.954797031063295e-05,3.880008263055106e-06,0.00011070155881386505
Max_Return,BTA_7_5_12_2028,"BTA 7,5% 12/2028",Titres de l'État,government_bond,0.06829597219709824,0.0003336818331848795,2.2789125201871302e-05,0.0006502026575234796
Max_Return,EMPRUNT_NATIONAL_2021_2EME_TRANCHE,EMPRUNT NATIONAL 2021 2ème tranche,Titres de l'État,government_bond,0.0813864018405517,-4.723431332498429e-05,-3.8442308049296965e-06,-0.00010968078253805319
Max_Return,EMPRUNT_NATIONAL_2022_3EME_TRANCHE_10_ANS,EMPRUNT NATIONAL 2022 3ème tranche 10 ANS,Titres de l'État,government_bond,0.04384953850972766,-9.731915743073077e-05,-4.267400141493078e-06,-0.00012175434063993965
Max_Return,EMPRUNT_NATIONAL_2023_4EME_TRANCHE_CATEGORIE_C,EMPRUNT NATIONAL 2023 4ème tranche  Catégorie C,Titres de l'État,government_bond,0.049683749405772935,-0.00038519997206426515,-1.9138178883151685e-05,-0.0005460365266220559
Max_Return,TN0007310568,E.O HL 2020-03,Obligations corporate,corporate_bond,0.009970658998411252,-0.00026660907621730266,-2.65826818484416e-06,-7.584376420266726e-05
Max_Return,TN0003100872,EO BNA SUB 2021-1,Obligations corporate,corporate_bond,0.019033920601099708,-0.0002913159775115973,-5.544885185787492e-06,-0.0001582026098643556
Max_Return,TNHFN9X6ARP3,EO ADVANS 2022-1,Obligations corporate,corporate_bond,0.028663436860734,-0.00027170638862628613,-7.788038915047607e-06,-0.00022220263193974742
Max_Return,TN8DSPQCBC06,EO ATL 2022-1,Obligations corporate,corporate_bond,0.008434788592747645,5.6453011599598435e-05,4.7616921826654335e-07,1.3585711974690512e-05
Max_Return,TNL7VQZVHR54,EO HL 2023-1,Obligations corporate,corporate_bond,0.29999999972297353,0.0001287075618331273,3.8612268514282785e-05,0.0011016570130974272
Max_Return,TNYGOCQ2WZX6,EO BH LEASING 2023-1,Obligations corporate,corporate_bond,0.009782964535321815,6.322411520483303e-06,6.185192768259822e-08,1.7647139763343405e-06
Max_Return,TNDE9EH7SA12,EO AB SUB 2023-2,Obligations corporate,corporate_bond,0.00617435023099535,0.00023920465462604632,1.476933314545492e-06,4.21387814405261e-05
Max_Return,EO_ATL_2025_2,EO ATL 2025-2,Obligations corporate,corporate_bond,0.03203475463008445,5.446214629451465e-05,1.7446814931725399e-06,4.977797670354052e-05
Max_Return,AMEN_BANK,AMEN BANK,Actions cotées,listed_equity,0.021284820668965723,0.04930374569707444,0.00104942138547052,0.029941323664274513
Max_Return,ATTIJARI_BANK,ATTIJARI BANK,Actions cotées,listed_equity,0.016268994847226482,0.0999405372612358,0.0016259320857320916,0.04638990543651454
Max_Return,BIAT,BIAT,Actions cotées,listed_equity,0.006709687516084041,0.0418109642951001,0.0002805385051662687,0.008004119507921884
Max_Return,BT,BT,Actions cotées,listed_equity,0.0789337407810912,0.15587287326842,0.012303628973373344,0.3510381458176083
Max_Return,CITY_CARS,CITY CARS,Actions cotées,listed_equity,0.0010673905032235443,0.016791157694976275,1.7922722261746615e-05,0.000511358007006165
Max_Return,DELICE_HOLDING,DELICE HOLDING,Actions cotées,listed_equity,0.07545696413745787,0.19223089613542968,0.014505159835802505,0.41385061468999207
Max_Return,ENNAKL,ENNAKL,Actions cotées,listed_equity,2.2564336700030075e-10,-0.021098708900302094,-4.760783715623377e-12,-1.3583120002950549e-10
Max_Return,PGH,PGH,Actions cotées,listed_equity,0.04485895511472091,0.11682976961791522,0.0052408613913532435,0.14952842525479068
MeanVariance_TurnoverPenalty,BTA_7_4_02_2030,"BTA 7,4% 02/2030",Titres de l'État,government_bond,0.09810891837702879,-4.437242134705307e-05,-4.353330264129159e-06,-0.00015792499039550098
MeanVariance_TurnoverPenalty,BTA_7_5_12_2028,"BTA 7,5% 12/2028",Titres de l'État,government_bond,0.06829597422039141,0.00023509010435608465,1.6055707706572284e-05,0.0005824500627132227
MeanVariance_TurnoverPenalty,EMPRUNT_NATIONAL_2021_2EME_TRANCHE,EMPRUNT NATIONAL 2021 2ème tranche,Titres de l'État,government_bond,0.08741742591981108,-6.958027800753353e-05,-6.082528798203423e-06,-0.00022065481912817588
MeanVariance_TurnoverPenalty,EMPRUNT_NATIONAL_2022_3EME_TRANCHE_10_ANS,EMPRUNT NATIONAL 2022 3ème tranche 10 ANS,Titres de l'État,government_bond,0.04384954791311202,-0.00017016205058985928,-7.461528990333426e-06,-0.0002706805646802628
MeanVariance_TurnoverPenalty,EMPRUNT_NATIONAL_2023_4EME_TRANCHE_CATEGORIE_C,EMPRUNT NATIONAL 2023 4ème tranche  Catégorie C,Titres de l'État,government_bond,0.04968375563649993,-0.00044993798895589816,-2.235460909486305e-05,-0.0008109541919415201
MeanVariance_TurnoverPenalty,TN0007310568,E.O HL 2020-03,Obligations corporate,corporate_bond,0.009970659287524317,-0.00027360127817621,-2.7279851253261523e-06,-9.896263287581808e-05
MeanVariance_TurnoverPenalty,TN0003100872,EO BNA SUB 2021-1,Obligations corporate,corporate_bond,0.019033921035912487,-0.0002851968819394535,-5.4284149305240145e-06,-0.00019692564628732347
MeanVariance_TurnoverPenalty,TNHFN9X6ARP3,EO ADVANS 2022-1,Obligations corporate,corporate_bond,0.02866343702187312,-0.000301305814732315,-8.636460244903881e-06,-0.0003133033375542457
MeanVariance_TurnoverPenalty,TN8DSPQCBC06,EO ATL 2022-1,Obligations corporate,corporate_bond,0.008434788817365278,8.49422630360663e-06,7.164700503783122e-08,2.5991257028438046e-06
MeanVariance_TurnoverPenalty,TNL7VQZVHR54,EO HL 2023-1,Obligations corporate,corporate_bond,0.30000000004719996,9.175103893372911e-05,2.7525311684449377e-05,0.000998530853314296
MeanVariance_TurnoverPenalty,TNYGOCQ2WZX6,EO BH LEASING 2023-1,Obligations corporate,corporate_bond,0.009782964743009152,-6.407659599093274e-05,-6.268590794313366e-07,-2.274045571829128e-05
MeanVariance_TurnoverPenalty,TNDE9EH7SA12,EO AB SUB 2023-2,Obligations corporate,corporate_bond,0.006174350502101875,0.00020436220801724674,1.2618039016819352e-06,4.5774236495697475e-05
MeanVariance_TurnoverPenalty,EO_ATL_2025_2,EO ATL 2025-2,Obligations corporate,corporate_bond,0.03203475476284064,-8.948448089223415e-05,-2.8666134004628206e-06,-0.00010399162624209159
MeanVariance_TurnoverPenalty,AMEN_BANK,AMEN BANK,Actions cotées,listed_equity,0.021284820465493726,0.05206836732858305,0.0011082658505202694,0.04020436382721514
MeanVariance_TurnoverPenalty,ATTIJARI_BANK,ATTIJARI BANK,Actions cotées,listed_equity,0.016268993774870042,0.10050442435895027,0.001635105854242659,0.05931644526367093
MeanVariance_TurnoverPenalty,BIAT,BIAT,Actions cotées,listed_equity,0.0067096872550995714,0.04164890374573978,0.00027945111865165903,0.010137598700636028
MeanVariance_TurnoverPenalty,BT,BT,Actions cotées,listed_equity,0.07893374053112966,0.17914497397859297,0.014140582893482231,0.5129754193107807
MeanVariance_TurnoverPenalty,CITY_CARS,CITY CARS,Actions cotées,listed_equity,0.021363183688198017,0.045880606671145165,0.0009801558280416376,0.035556939248332996
MeanVariance_TurnoverPenalty,DELICE_HOLDING,DELICE HOLDING,Actions cotées,listed_equity,0.021928684344695158,0.09801997061768392,0.0021494489951514846,0.07797518022281763
MeanVariance_TurnoverPenalty,ENNAKL,ENNAKL,Actions cotées,listed_equity,0.027201435750670282,0.0256451087958977,0.0006975837792305607,0.025306123117466068
MeanVariance_TurnoverPenalty,PGH,PGH,Actions cotées,listed_equity,0.04485895590517355,0.146923603325696,0.006590839443016608,0.23909471429567736
Mean_CVaR_95,BTA_7_4_02_2030,"BTA 7,4% 02/2030",Titres de l'État,government_bond,0.09810892002950994,0.00012117742524679192,1.1888586322919427e-05,0.0008666291680526823
Mean_CVaR_95,BTA_7_5_12_2028,"BTA 7,5% 12/2028",Titres de l'État,government_bond,0.06829597573256771,0.00021447518072435686,1.464779173798875e-05,0.0010677639227154878
Mean_CVaR_95,EMPRUNT_NATIONAL_2021_2EME_TRANCHE,EMPRUNT NATIONAL 2021 2ème tranche,Titres de l'État,government_bond,0.08741742735953315,-8.6048423371987e-05,-7.522131799523028e-06,-0.0005483325473976498
Mean_CVaR_95,EMPRUNT_NATIONAL_2022_3EME_TRANCHE_10_ANS,EMPRUNT NATIONAL 2022 3ème tranche 10 ANS,Titres de l'État,government_bond,0.04384954951769748,-8.763491654680276e-05,-3.842751612598314e-06,-0.0002801208270355047
Mean_CVaR_95,EMPRUNT_NATIONAL_2023_4EME_TRANCHE_CATEGORIE_C,EMPRUNT NATIONAL 2023 4ème tranche  Catégorie C,Titres de l'État,government_bond,0.049683757398890575,-0.0002621963089921266,-1.302689780684937e-05,-0.000949607405120382
Mean_CVaR_95,TN0007310568,E.O HL 2020-03,Obligations corporate,corporate_bond,0.00997066823629241,-0.0003112673415780698,-3.1035433956676403e-06,-0.00022623558074500865
Mean_CVaR_95,TN0003100872,EO BNA SUB 2021-1,Obligations corporate,corporate_bond,0.019033926921616928,-0.00025626366274202327,-4.877703829297558e-06,-0.0003555645975705445
Mean_CVaR_95,TNHFN9X6ARP3,EO ADVANS 2022-1,Obligations corporate,corporate_bond,0.02866365776872361,-0.0003144795336318085,-9.014133727289965e-06,-0.0006570933667476278
Mean_CVaR_95,TN8DSPQCBC06,EO ATL 2022-1,Obligations corporate,corporate_bond,0.008434803656153119,-0.0001063616393811535,-8.971395447265931e-07,-6.539779214747253e-05
Mean_CVaR_95,TNL7VQZVHR54,EO HL 2023-1,Obligations corporate,corporate_bond,0.2999999997785018,0.00011278974453615213,3.383692333586291e-05,0.0024665728896200913
Mean_CVaR_95,TNYGOCQ2WZX6,EO BH LEASING 2023-1,Obligations corporate,corporate_bond,0.009782982743794974,-0.00015796124128351628,-1.545332097665074e-06,-0.00011264836993972559
Mean_CVaR_95,TNDE9EH7SA12,EO AB SUB 2023-2,Obligations corporate,corporate_bond,0.0932838463707573,0.0003420601899497864,3.190869020882794e-05,0.002326012605553988
Mean_CVaR_95,EO_ATL_2025_2,EO ATL 2025-2,Obligations corporate,corporate_bond,0.07082221367964917,-0.0001357319643231624,-9.612838180453525e-06,-0.0007007364650993887
Mean_CVaR_95,AMEN_BANK,AMEN BANK,Actions cotées,listed_equity,0.02128481868668142,0.06260010273991237,0.0013324318365866637,0.09712881436557945
Mean_CVaR_95,ATTIJARI_BANK,ATTIJARI BANK,Actions cotées,listed_equity,0.016268993275590237,0.1033673821996215,0.001681683245921008,0.12258780924448646
Mean_CVaR_95,BIAT,BIAT,Actions cotées,listed_equity,0.00670968707390706,0.03785031724124078,0.0002539637843368348,0.018512917949801692
Mean_CVaR_95,BT,BT,Actions cotées,listed_equity,0.007950794741480796,0.08161585189363633,0.0006489108860573993,0.04730294132954198
Mean_CVaR_95,CITY_CARS,CITY CARS,Actions cotées,listed_equity,0.017354760068943834,0.06264154272485227,0.0010871289443383052,0.07924723991628801
Mean_CVaR_95,DELICE_HOLDING,DELICE HOLDING,Actions cotées,listed_equity,0.004255307512301961,0.059157203803316544,0.00025173209375103104,0.01835023686197567
Mean_CVaR_95,ENNAKL,ENNAKL,Actions cotées,listed_equity,0.0020269646619568535,-0.011599328482385903,-2.3511428936225845e-05,-0.001713886709932018
Mean_CVaR_95,PGH,PGH,Actions cotées,listed_equity,0.036800944785449693,0.229532538489839,0.008447014275428672,0.6157526854081198
Max_Sharpe,BTA_7_4_02_2030,"BTA 7,4% 02/2030",Titres de l'État,government_bond,0.09810893283983058,0.0004488027155277741,4.403155547604798e-05,0.004979443811956927
Max_Sharpe,BTA_7_5_12_2028,"BTA 7,5% 12/2028",Titres de l'État,government_bond,0.06829642077439722,0.0004417531534997144,3.017015924983338e-05,0.003411885207281842
Max_Sharpe,EMPRUNT_NATIONAL_2021_2EME_TRANCHE,EMPRUNT NATIONAL 2021 2ème tranche,Titres de l'État,government_bond,0.08741742503225024,2.0455495820484082e-05,1.7881667723846754e-06,0.00020222033660249522
Max_Sharpe,EMPRUNT_NATIONAL_2022_3EME_TRANCHE_10_ANS,EMPRUNT NATIONAL 2022 3ème tranche 10 ANS,Titres de l'État,government_bond,0.043849659669658876,7.271473525647016e-05,3.188516393965562e-06,0.0003605831784864319
Max_Sharpe,EMPRUNT_NATIONAL_2023_4EME_TRANCHE_CATEGORIE_C,EMPRUNT NATIONAL 2023 4ème tranche  Catégorie C,Titres de l'État,government_bond,0.049683756274724336,-3.821272432429592e-05,-1.8985516819215488e-06,-0.00021470355344060596
Max_Sharpe,TN0007310568,E.O HL 2020-03,Obligations corporate,corporate_bond,0.009983412186664535,-0.00021727231593152285,-2.169119086695592e-06,-0.00024530150018251104
Max_Sharpe,TN0003100872,EO BNA SUB 2021-1,Obligations corporate,corporate_bond,0.019033937906005303,-0.00023092711561773738,-4.3954523794809206e-06,-0.0004970732447474751
Max_Sharpe,TNHFN9X6ARP3,EO ADVANS 2022-1,Obligations corporate,corporate_bond,0.17862078769752823,-1.614840155017232e-05,-2.884440204947766e-06,-0.00032619578786627183
Max_Sharpe,TN8DSPQCBC06,EO ATL 2022-1,Obligations corporate,corporate_bond,0.00844921134780161,6.5243194601093e-05,5.512535401903837e-07,6.234020124529849e-05
Max_Sharpe,TNL7VQZVHR54,EO HL 2023-1,Obligations corporate,corporate_bond,0.3000000000108762,0.0005451971519281568,0.0001635591455843767,0.01849658878874078
Max_Sharpe,TNYGOCQ2WZX6,EO BH LEASING 2023-1,Obligations corporate,corporate_bond,0.009783377183219966,4.9190371922683476e-05,4.812479623024856e-07,5.4423405260064985e-05
Max_Sharpe,TNDE9EH7SA12,EO AB SUB 2023-2,Obligations corporate,corporate_bond,0.006188540201651236,0.00022767075848731963,1.4089496416392068e-06,0.00015933540159024552
Max_Sharpe,EO_ATL_2025_2,EO ATL 2025-2,Obligations corporate,corporate_bond,0.032035035716929165,0.0002442692652497136,7.825174636822619e-06,0.0008849339298041525
Max_Sharpe,AMEN_BANK,AMEN BANK,Actions cotées,listed_equity,0.02128481091058667,0.07071391925862469,0.0015051324001663197,0.1702125245214422
Max_Sharpe,ATTIJARI_BANK,ATTIJARI BANK,Actions cotées,listed_equity,0.016268982694385578,0.11526379812857519,0.0018752247370429425,0.21206555416777031
Max_Sharpe,BIAT,BIAT,Actions cotées,listed_equity,0.006709683226050121,0.0398019845225144,0.00026705870791422136,0.03020115497114475
Max_Sharpe,BT,BT,Actions cotées,listed_equity,0.00013539865389529816,0.05524065374530563,7.479510157410643e-06,0.0008458433995148563
Max_Sharpe,CITY_CARS,CITY CARS,Actions cotées,listed_equity,0.0010673857710413277,0.016823151682829555,1.7956792730322234e-05,0.0020306991083300597
Max_Sharpe,DELICE_HOLDING,DELICE HOLDING,Actions cotées,listed_equity,0.004255301393702537,0.06879292717660906,0.00029273463889150167,0.03310479655815613
Max_Sharpe,ENNAKL,ENNAKL,Actions cotées,listed_equity,0.025210910433882544,0.11415742935030587,0.002878012726712836,0.32546891673084666
Max_Sharpe,PGH,PGH,Actions cotées,listed_equity,0.013617030074918579,0.12905966018637566,0.0017574092742166493,0.19874203036806373
Risk_Parity,BTA_7_4_02_2030,"BTA 7,4% 02/2030",Titres de l'État,government_bond,0.13389678425917773,0.0009454263248774212,0.00012658954465505934,0.011664492805208556
Risk_Parity,BTA_7_5_12_2028,"BTA 7,5% 12/2028",Titres de l'État,government_bond,0.07543892572138297,0.0009026957260794003,6.809839582871374e-05,0.006274872465611078
Risk_Parity,EMPRUNT_NATIONAL_2021_2EME_TRANCHE,EMPRUNT NATIONAL 2021 2ème tranche,Titres de l'État,government_bond,0.0874176191376825,0.00010623648978883582,9.286941002884747e-06,0.0008557377847098212
Risk_Parity,EMPRUNT_NATIONAL_2022_3EME_TRANCHE_10_ANS,EMPRUNT NATIONAL 2022 3ème tranche 10 ANS,Titres de l'État,government_bond,0.04385344912235694,0.00037922799817625806,1.6630455723795803e-05,0.0015324001019684738
Risk_Parity,EMPRUNT_NATIONAL_2023_4EME_TRANCHE_CATEGORIE_C,EMPRUNT NATIONAL 2023 4ème tranche  Catégorie C,Titres de l'État,government_bond,0.07979761745874227,0.0003166197879712192,2.5265504720395438e-05,0.002328069816777218
Risk_Parity,TN0007310568,E.O HL 2020-03,Obligations corporate,corporate_bond,0.0100226212198626,-0.00022684482262754394,-2.2735797328827895e-06,-0.00020949719432630389
Risk_Parity,TN0003100872,EO BNA SUB 2021-1,Obligations corporate,corporate_bond,0.019049605221496718,-0.00030010828342496735,-5.716944322946675e-06,-0.0005267832829677867
Risk_Parity,TNHFN9X6ARP3,EO ADVANS 2022-1,Obligations corporate,corporate_bond,0.02866652202495905,-0.0001202946428847167,-3.4484290297393145e-06,-0.0003177527474032109
Risk_Parity,TN8DSPQCBC06,EO ATL 2022-1,Obligations corporate,corporate_bond,0.008422345628380866,0.0002639837403185703,2.2233623012357404e-06,0.000204869949068892
Risk_Parity,TNL7VQZVHR54,EO HL 2023-1,Obligations corporate,corporate_bond,0.3,0.0007149345935455821,0.00021448037806367462,0.01976312367343803
Risk_Parity,TNYGOCQ2WZX6,EO BH LEASING 2023-1,Obligations corporate,corporate_bond,0.009800196491600192,0.0002907878277735227,2.849777849546118e-06,0.00026259051103352614
Risk_Parity,TNDE9EH7SA12,EO AB SUB 2023-2,Obligations corporate,corporate_bond,0.00634957843259697,0.0004228295541580503,2.6847894177465487e-06,0.0002473877833444997
Risk_Parity,EO_ATL_2025_2,EO ATL 2025-2,Obligations corporate,corporate_bond,0.07648263628130929,0.0009579061011239526,7.326318392391034e-05,0.006750777752584079
Risk_Parity,AMEN_BANK,AMEN BANK,Actions cotées,listed_equity,0.021327205333351553,0.06603552253118963,0.0014083531483178441,0.129771579560617
Risk_Parity,ATTIJARI_BANK,ATTIJARI BANK,Actions cotées,listed_equity,0.016005119265662216,0.11987087411229853,0.0019185476366465194,0.17678304448517346
Risk_Parity,BIAT,BIAT,Actions cotées,listed_equity,0.013549506468286263,0.05242000685026886,0.0007102652218853281,0.06544682337744827
Risk_Parity,BT,BT,Actions cotées,listed_equity,0.007989588005430034,0.09723183336952962,0.0007768422896351656,0.07158151427846988
Risk_Parity,CITY_CARS,CITY CARS,Actions cotées,listed_equity,0.013981810605207444,0.06730177419943424,0.0009410006602509264,0.08670775664058564
Risk_Parity,DELICE_HOLDING,DELICE HOLDING,Actions cotées,listed_equity,0.008844650985885034,0.1011058660133777,0.0008942460975139813,0.08239959468185651
Risk_Parity,ENNAKL,ENNAKL,Actions cotées,listed_equity,0.024368207036070254,0.08189561514276218,0.001995649305145159,0.1838875163428026
Risk_Parity,PGH,PGH,Actions cotées,listed_equity,0.014736011300559211,0.11385148885546562,0.0016777168263596325,0.1545918812139999
Monte_Carlo_Max_Sharpe,BTA_7_4_02_2030,"BTA 7,4% 02/2030",Titres de l'État,government_bond,0.11472472659200843,-9.388105266498723e-05,-1.0770478099160605e-05,-0.0007933467598817263
Monte_Carlo_Max_Sharpe,BTA_7_5_12_2028,"BTA 7,5% 12/2028",Titres de l'État,government_bond,0.08779435678555031,4.075693537063488e-05,3.5782289254151335e-06,0.00026357013105243743
Monte_Carlo_Max_Sharpe,EMPRUNT_NATIONAL_2021_2EME_TRANCHE,EMPRUNT NATIONAL 2021 2ème tranche,Titres de l'État,government_bond,0.11041108713490513,-0.00010810919512309686,-1.1936453762820708e-05,-0.000879231806613104
Monte_Carlo_Max_Sharpe,EMPRUNT_NATIONAL_2022_3EME_TRANCHE_10_ANS,EMPRUNT NATIONAL 2022 3ème tranche 10 ANS,Titres de l'État,government_bond,0.0472476282420543,-0.0002913260420332367,-1.3764464531215452e-05,-0.0010138819499756256
Monte_Carlo_Max_Sharpe,EMPRUNT_NATIONAL_2023_4EME_TRANCHE_CATEGORIE_C,EMPRUNT NATIONAL 2023 4ème tranche  Catégorie C,Titres de l'État,government_bond,0.0563850366736909,-0.00047798337253967545,-2.695110999006406e-05,-0.0019852021042129704
Monte_Carlo_Max_Sharpe,TN0007310568,E.O HL 2020-03,Obligations corporate,corporate_bond,0.010337935220603884,-0.0002964306815237708,-3.0644811829922027e-06,-0.00022572778987729975
Monte_Carlo_Max_Sharpe,TN0003100872,EO BNA SUB 2021-1,Obligations corporate,corporate_bond,0.0264902157967051,-0.0002483540098178846,-6.5789513140527806e-06,-0.00048460148754493745
Monte_Carlo_Max_Sharpe,TNHFN9X6ARP3,EO ADVANS 2022-1,Obligations corporate,corporate_bond,0.03415020222879281,-0.000340814122109547,-1.1638871192469516e-05,-0.0008573120584077023
Monte_Carlo_Max_Sharpe,TN8DSPQCBC06,EO ATL 2022-1,Obligations corporate,corporate_bond,0.013271639758507488,-0.00013459959715118695,-1.786357365030784e-06,-0.00013158197941542447
Monte_Carlo_Max_Sharpe,TNL7VQZVHR54,EO HL 2023-1,Obligations corporate,corporate_bond,0.2992085467855138,6.76677074693246e-05,2.0246756416203873e-05,0.0014913635637179132
Monte_Carlo_Max_Sharpe,TNYGOCQ2WZX6,EO BH LEASING 2023-1,Obligations corporate,corporate_bond,0.01662682449043304,-0.00021657474416610076,-3.6009502603101944e-06,-0.0002652437705374468
Monte_Carlo_Max_Sharpe,TNDE9EH7SA12,EO AB SUB 2023-2,Obligations corporate,corporate_bond,0.011030528267575373,0.00010144163195970511,1.1189547888405045e-06,8.242151815432778e-05
Monte_Carlo_Max_Sharpe,EO_ATL_2025_2,EO ATL 2025-2,Obligations corporate,corporate_bond,0.04218549081527617,-0.00038081302350403203,-1.6064784305366892e-05,-0.0011833220827824633
Monte_Carlo_Max_Sharpe,AMEN_BANK,AMEN BANK,Actions cotées,listed_equity,0.022936956998258286,0.06709578213914165,0.0015389730696899985,0.11335980512127387
Monte_Carlo_Max_Sharpe,ATTIJARI_BANK,ATTIJARI BANK,Actions cotées,listed_equity,0.02195730609308067,0.11862007325838775,0.002604577257318073,0.1918515509646657
Monte_Carlo_Max_Sharpe,BIAT,BIAT,Actions cotées,listed_equity,0.008414142101108553,0.04120808971043151,0.0003467307225387999,0.02553997071857422
Monte_Carlo_Max_Sharpe,BT,BT,Actions cotées,listed_equity,0.009978870116546159,0.08876383418485474,0.0008857627723773054,0.06524473835048757
Monte_Carlo_Max_Sharpe,CITY_CARS,CITY CARS,Actions cotées,listed_equity,0.004184231153245957,0.024481789033852827,0.00010243746436264223,0.007545480311494776
Monte_Carlo_Max_Sharpe,DELICE_HOLDING,DELICE HOLDING,Actions cotées,listed_equity,0.006177777397097514,0.06973904430017022,0.0004308322915727738,0.031734840313014274
Monte_Carlo_Max_Sharpe,ENNAKL,ENNAKL,Actions cotées,listed_equity,0.026043956897164558,0.07018828440993974,0.0018279806538583976,0.13464792514438723
Monte_Carlo_Max_Sharpe,PGH,PGH,Actions cotées,listed_equity,0.030442540451881675,0.19446214990963218,0.005919921864983856,0.4360577856524265
Monte_Carlo_Min_Volatility,BTA_7_4_02_2030,"BTA 7,4% 02/2030",Titres de l'État,government_bond,0.11472472659200843,-9.388105266498723e-05,-1.0770478099160605e-05,-0.0007933467598817263
Monte_Carlo_Min_Volatility,BTA_7_5_12_2028,"BTA 7,5% 12/2028",Titres de l'État,government_bond,0.08779435678555031,4.075693537063488e-05,3.5782289254151335e-06,0.00026357013105243743
Monte_Carlo_Min_Volatility,EMPRUNT_NATIONAL_2021_2EME_TRANCHE,EMPRUNT NATIONAL 2021 2ème tranche,Titres de l'État,government_bond,0.11041108713490513,-0.00010810919512309686,-1.1936453762820708e-05,-0.000879231806613104
Monte_Carlo_Min_Volatility,EMPRUNT_NATIONAL_2022_3EME_TRANCHE_10_ANS,EMPRUNT NATIONAL 2022 3ème tranche 10 ANS,Titres de l'État,government_bond,0.0472476282420543,-0.0002913260420332367,-1.3764464531215452e-05,-0.0010138819499756256
Monte_Carlo_Min_Volatility,EMPRUNT_NATIONAL_2023_4EME_TRANCHE_CATEGORIE_C,EMPRUNT NATIONAL 2023 4ème tranche  Catégorie C,Titres de l'État,government_bond,0.0563850366736909,-0.00047798337253967545,-2.695110999006406e-05,-0.0019852021042129704
Monte_Carlo_Min_Volatility,TN0007310568,E.O HL 2020-03,Obligations corporate,corporate_bond,0.010337935220603884,-0.0002964306815237708,-3.0644811829922027e-06,-0.00022572778987729975
Monte_Carlo_Min_Volatility,TN0003100872,EO BNA SUB 2021-1,Obligations corporate,corporate_bond,0.0264902157967051,-0.0002483540098178846,-6.5789513140527806e-06,-0.00048460148754493745
Monte_Carlo_Min_Volatility,TNHFN9X6ARP3,EO ADVANS 2022-1,Obligations corporate,corporate_bond,0.03415020222879281,-0.000340814122109547,-1.1638871192469516e-05,-0.0008573120584077023
Monte_Carlo_Min_Volatility,TN8DSPQCBC06,EO ATL 2022-1,Obligations corporate,corporate_bond,0.013271639758507488,-0.00013459959715118695,-1.786357365030784e-06,-0.00013158197941542447
Monte_Carlo_Min_Volatility,TNL7VQZVHR54,EO HL 2023-1,Obligations corporate,corporate_bond,0.2992085467855138,6.76677074693246e-05,2.0246756416203873e-05,0.0014913635637179132
Monte_Carlo_Min_Volatility,TNYGOCQ2WZX6,EO BH LEASING 2023-1,Obligations corporate,corporate_bond,0.01662682449043304,-0.00021657474416610076,-3.6009502603101944e-06,-0.0002652437705374468
Monte_Carlo_Min_Volatility,TNDE9EH7SA12,EO AB SUB 2023-2,Obligations corporate,corporate_bond,0.011030528267575373,0.00010144163195970511,1.1189547888405045e-06,8.242151815432778e-05
Monte_Carlo_Min_Volatility,EO_ATL_2025_2,EO ATL 2025-2,Obligations corporate,corporate_bond,0.04218549081527617,-0.00038081302350403203,-1.6064784305366892e-05,-0.0011833220827824633
Monte_Carlo_Min_Volatility,AMEN_BANK,AMEN BANK,Actions cotées,listed_equity,0.022936956998258286,0.06709578213914165,0.0015389730696899985,0.11335980512127387
Monte_Carlo_Min_Volatility,ATTIJARI_BANK,ATTIJARI BANK,Actions cotées,listed_equity,0.02195730609308067,0.11862007325838775,0.002604577257318073,0.1918515509646657
Monte_Carlo_Min_Volatility,BIAT,BIAT,Actions cotées,listed_equity,0.008414142101108553,0.04120808971043151,0.0003467307225387999,0.02553997071857422
Monte_Carlo_Min_Volatility,BT,BT,Actions cotées,listed_equity,0.009978870116546159,0.08876383418485474,0.0008857627723773054,0.06524473835048757
Monte_Carlo_Min_Volatility,CITY_CARS,CITY CARS,Actions cotées,listed_equity,0.004184231153245957,0.024481789033852827,0.00010243746436264223,0.007545480311494776
Monte_Carlo_Min_Volatility,DELICE_HOLDING,DELICE HOLDING,Actions cotées,listed_equity,0.006177777397097514,0.06973904430017022,0.0004308322915727738,0.031734840313014274
Monte_Carlo_Min_Volatility,ENNAKL,ENNAKL,Actions cotées,listed_equity,0.026043956897164558,0.07018828440993974,0.0018279806538583976,0.13464792514438723
Monte_Carlo_Min_Volatility,PGH,PGH,Actions cotées,listed_equity,0.030442540451881675,0.19446214990963218,0.005919921864983856,0.4360577856524265
Monte_Carlo_Max_Return,BTA_7_4_02_2030,"BTA 7,4% 02/2030",Titres de l'État,government_bond,0.08347557519515607,-0.0008314234038402923,-6.940354686628293e-05,-0.0031569329730925582
Monte_Carlo_Max_Return,BTA_7_5_12_2028,"BTA 7,5% 12/2028",Titres de l'État,government_bond,0.08056537356642726,-0.00044046079981447896,-3.5485888878420836e-05,-0.0016141332502159064
Monte_Carlo_Max_Return,EMPRUNT_NATIONAL_2021_2EME_TRANCHE,EMPRUNT NATIONAL 2021 2ème tranche,Titres de l'État,government_bond,0.07976255980101703,-0.0002467070702552796,-1.9677987444570448e-05,-0.0008950851968351702
Monte_Carlo_Max_Return,EMPRUNT_NATIONAL_2022_3EME_TRANCHE_10_ANS,EMPRUNT NATIONAL 2022 3ème tranche 10 ANS,Titres de l'État,government_bond,0.04721198027543818,-0.0007634940849834897,-3.604606768065424e-05,-0.0016396138922212108
Monte_Carlo_Max_Return,EMPRUNT_NATIONAL_2023_4EME_TRANCHE_CATEGORIE_C,EMPRUNT NATIONAL 2023 4ème tranche  Catégorie C,Titres de l'État,government_bond,0.04709808002075978,-0.0010828327238249626,-5.0999342275805366e-05,-0.002319787856760671
Monte_Carlo_Max_Return,TN0007310568,E.O HL 2020-03,Obligations corporate,corporate_bond,0.008943775872834776,-0.00034722006930191395,-3.1054584783864767e-06,-0.00014125681913456902
Monte_Carlo_Max_Return,TN0003100872,EO BNA SUB 2021-1,Obligations corporate,corporate_bond,0.033243273734527984,-0.0002695365502209616,-8.960277320455774e-06,-0.00040757275669930395
Monte_Carlo_Max_Return,TNHFN9X6ARP3,EO ADVANS 2022-1,Obligations corporate,corporate_bond,0.03247485995499575,-0.0004935878369934398,-1.6029195881851228e-05,-0.0007291139905150752
Monte_Carlo_Max_Return,TN8DSPQCBC06,EO ATL 2022-1,Obligations corporate,corporate_bond,0.01645751810269096,-0.0002968665112291689,-4.885685982636756e-06,-0.00022223335652396103
Monte_Carlo_Max_Return,TNL7VQZVHR54,EO HL 2023-1,Obligations corporate,corporate_bond,0.2927463532044944,-0.0003039604963532622,-8.898332682564552e-05,-0.00404755104306958
Monte_Carlo_Max_Return,TNYGOCQ2WZX6,EO BH LEASING 2023-1,Obligations corporate,corporate_bond,0.01879054555417538,-0.0004520275605632077,-8.493844468505726e-06,-0.0003863563013949128
Monte_Carlo_Max_Return,TNDE9EH7SA12,EO AB SUB 2023-2,Obligations corporate,corporate_bond,0.014693726874631989,-3.748208798205944e-05,-5.507515634993075e-07,-2.5051828750814436e-05
Monte_Carlo_Max_Return,EO_ATL_2025_2,EO ATL 2025-2,Obligations corporate,corporate_bond,0.04367356141707316,-0.0009731613257221586,-4.250142092764703e-05,-0.0019332461118778705
Monte_Carlo_Max_Return,AMEN_BANK,AMEN BANK,Actions cotées,listed_equity,0.028203715127525536,0.07059353580752663,0.0019909999737602545,0.09056386525461156
Monte_Carlo_Max_Return,ATTIJARI_BANK,ATTIJARI BANK,Actions cotées,listed_equity,0.044619945484303834,0.14532251200382781,0.006484282563252886,0.29494811655983183
Monte_Carlo_Max_Return,BIAT,BIAT,Actions cotées,listed_equity,0.01796885546898055,0.04939437677245744,0.0008875604172046578,0.04037212611170456
Monte_Carlo_Max_Return,BT,BT,Actions cotées,listed_equity,0.011704594060702726,0.08875064347642635,0.001038790254517725,0.04725106071210583
Monte_Carlo_Max_Return,CITY_CARS,CITY CARS,Actions cotées,listed_equity,0.006662880024040906,0.023743410536192732,0.00015819949576420094,0.007195960826999884
Monte_Carlo_Max_Return,DELICE_HOLDING,DELICE HOLDING,Actions cotées,listed_equity,0.017046087409186898,0.09647305566063222,0.0016444881394224896,0.07480221207144964
Monte_Carlo_Max_Return,ENNAKL,ENNAKL,Actions cotées,listed_equity,0.02716848693346201,0.036224271940686614,0.000984158658894719,0.04476605391659991
Monte_Carlo_Max_Return,PGH,PGH,Actions cotées,listed_equity,0.04748825191757445,0.19333473700095993,0.009181128695119587,0.41761853992378817
MultiCriteria_Recommended_Portfolio,BTA_7_4_02_2030,"BTA 7,4% 02/2030",Titres de l'État,government_bond,0.09810892002950994,0.00012117742524679192,1.1888586322919427e-05,0.0008666291680526823
MultiCriteria_Recommended_Portfolio,BTA_7_5_12_2028,"BTA 7,5% 12/2028",Titres de l'État,government_bond,0.06829597573256771,0.00021447518072435686,1.464779173798875e-05,0.0010677639227154878
MultiCriteria_Recommended_Portfolio,EMPRUNT_NATIONAL_2021_2EME_TRANCHE,EMPRUNT NATIONAL 2021 2ème tranche,Titres de l'État,government_bond,0.08741742735953315,-8.6048423371987e-05,-7.522131799523028e-06,-0.0005483325473976498
MultiCriteria_Recommended_Portfolio,EMPRUNT_NATIONAL_2022_3EME_TRANCHE_10_ANS,EMPRUNT NATIONAL 2022 3ème tranche 10 ANS,Titres de l'État,government_bond,0.04384954951769748,-8.763491654680276e-05,-3.842751612598314e-06,-0.0002801208270355047
MultiCriteria_Recommended_Portfolio,EMPRUNT_NATIONAL_2023_4EME_TRANCHE_CATEGORIE_C,EMPRUNT NATIONAL 2023 4ème tranche  Catégorie C,Titres de l'État,government_bond,0.049683757398890575,-0.0002621963089921266,-1.302689780684937e-05,-0.000949607405120382
MultiCriteria_Recommended_Portfolio,TN0007310568,E.O HL 2020-03,Obligations corporate,corporate_bond,0.00997066823629241,-0.0003112673415780698,-3.1035433956676403e-06,-0.00022623558074500865
MultiCriteria_Recommended_Portfolio,TN0003100872,EO BNA SUB 2021-1,Obligations corporate,corporate_bond,0.019033926921616928,-0.00025626366274202327,-4.877703829297558e-06,-0.0003555645975705445
MultiCriteria_Recommended_Portfolio,TNHFN9X6ARP3,EO ADVANS 2022-1,Obligations corporate,corporate_bond,0.02866365776872361,-0.0003144795336318085,-9.014133727289965e-06,-0.0006570933667476278
MultiCriteria_Recommended_Portfolio,TN8DSPQCBC06,EO ATL 2022-1,Obligations corporate,corporate_bond,0.008434803656153119,-0.0001063616393811535,-8.971395447265931e-07,-6.539779214747253e-05
MultiCriteria_Recommended_Portfolio,TNL7VQZVHR54,EO HL 2023-1,Obligations corporate,corporate_bond,0.2999999997785018,0.00011278974453615213,3.383692333586291e-05,0.0024665728896200913
MultiCriteria_Recommended_Portfolio,TNYGOCQ2WZX6,EO BH LEASING 2023-1,Obligations corporate,corporate_bond,0.009782982743794974,-0.00015796124128351628,-1.545332097665074e-06,-0.00011264836993972559
MultiCriteria_Recommended_Portfolio,TNDE9EH7SA12,EO AB SUB 2023-2,Obligations corporate,corporate_bond,0.0932838463707573,0.0003420601899497864,3.190869020882794e-05,0.002326012605553988
MultiCriteria_Recommended_Portfolio,EO_ATL_2025_2,EO ATL 2025-2,Obligations corporate,corporate_bond,0.07082221367964917,-0.0001357319643231624,-9.612838180453525e-06,-0.0007007364650993887
MultiCriteria_Recommended_Portfolio,AMEN_BANK,AMEN BANK,Actions cotées,listed_equity,0.02128481868668142,0.06260010273991237,0.0013324318365866637,0.09712881436557945
MultiCriteria_Recommended_Portfolio,ATTIJARI_BANK,ATTIJARI BANK,Actions cotées,listed_equity,0.016268993275590237,0.1033673821996215,0.001681683245921008,0.12258780924448646
MultiCriteria_Recommended_Portfolio,BIAT,BIAT,Actions cotées,listed_equity,0.00670968707390706,0.03785031724124078,0.0002539637843368348,0.018512917949801692
MultiCriteria_Recommended_Portfolio,BT,BT,Actions cotées,listed_equity,0.007950794741480796,0.08161585189363633,0.0006489108860573993,0.04730294132954198
MultiCriteria_Recommended_Portfolio,CITY_CARS,CITY CARS,Actions cotées,listed_equity,0.017354760068943834,0.06264154272485227,0.0010871289443383052,0.07924723991628801
MultiCriteria_Recommended_Portfolio,DELICE_HOLDING,DELICE HOLDING,Actions cotées,listed_equity,0.004255307512301961,0.059157203803316544,0.00025173209375103104,0.01835023686197567
MultiCriteria_Recommended_Portfolio,ENNAKL,ENNAKL,Actions cotées,listed_equity,0.0020269646619568535,-0.011599328482385903,-2.3511428936225845e-05,-0.001713886709932018
MultiCriteria_Recommended_Portfolio,PGH,PGH,Actions cotées,listed_equity,0.036800944785449693,0.229532538489839,0.008447014275428672,0.6157526854081198
